entity_name,category_names,service_names,products,products_rpc_codes,products_rpc_names,email,phone,website,location,profile_url,source_url
,,,,,,,,,,,
Rosy Farms,Fruit; Grains,Pick-your-own; Farm tour (for other farmers); Farm tour (for general public),"Frozen haskaps, Wholesale frozen haskaps, Upick haskaps July to early August",,,andrew@rosyfarms.com,780-951-1015,https://www.rosyfarms.com,"Alcomdale, Alberta",https://regenerationcanada.org/en/rosy-farms/,https://regenerationcanada.org/en/map/
Waskwey Creek,Other / multiple categories,,"Hay, Feeder cattle",,,terryosko@circletconsulting.ca,(780)632-9746,,"Vegreville, Alberta",https://regenerationcanada.org/en/waskwei-creek/,https://regenerationcanada.org/en/map/
Maple Ridge Farm,Beef; Poultry; Honey & bee products; Mixed farming,Workshops & trainings; Activities for kids; Farm tour (for other farmers); Farm tour (for general public),"Beekeeping workshops, Seasonal flowers, Onfarm experiences, Strategy sessions for farmers, Pastured Free Range Eggs, Grass Finished Organic Beef, Pastured Poultry, Pastured Pork, Gardening workshops, Class Trips, Raw Honey, Floral workshops",,,mapleridgefarmer@gmail.com,6135322981,https://mapleridge-farm.com,"Sydenham, ON",https://regenerationcanada.org/en/maple-ridge-farm/,https://regenerationcanada.org/en/map/
C. Fensky Farms,Beef; Pork; Other / multiple categories,,"Grain, Beef, Compost",,,,,,"Thorsby, AB",https://regenerationcanada.org/en/c-fensky-farms/,https://regenerationcanada.org/en/map/
KPU Farm,Vegetables; Fruit; Grains; Honey & bee products; Mixed farming; Other / multiple categories,Workshops & trainings; Activities for kids; Farm tour (for other farmers); Farm tour (for general public); Volunteer program; Internship program; Farm dinners and events; Employment opportunities,Vegetables and soft fruit,,,kpufarm@kpu.ca,,https://kpu.ca/agriculture/farms,"Richmond, British Columbia",https://regenerationcanada.org/en/kpu-farm/,https://regenerationcanada.org/en/map/
Clef des Champs,Other / multiple categories,Workshops & trainings; Farm tour (for general public); Internship program,Medicinal extracts made from fresh plants,,,info@clefdeschamps.net,819-322-1561,https://www.clefdeschamps.net,"Val-David, Québec",https://regenerationcanada.org/en/clef-des-champs/,https://regenerationcanada.org/en/map/
Wildwood Flowr,Other / multiple categories,Workshops & trainings; Farm tour (for other farmers),Cannabis,,,av@fs-cannabis.com,+1 902 698 0454,,"Westcock, NB",https://regenerationcanada.org/en/wildwood-flowr/,https://regenerationcanada.org/en/map/
St. Brigid\'s Creamery Ltd.,Dairy,,butter,,,info@stbrigidscreamery.ca,,https://stbrigidscreamery.ca,"Brussels, Ontario",https://regenerationcanada.org/en/st-brigids-creamery-ltd/,https://regenerationcanada.org/en/map/
Millefolia - Ferme Biologique,Value-added products; Other / multiple categories,Workshops & trainings; Pick-your-own; Farm tour (for other farmers); Farm tour (for general public); Employment opportunities,"Medicinal and Aromatic Herbs, Luffas, Herb Seedlings, Vegetable Garden Seedlings, Indigenous Plant Seedlings",,,info@terramillefolia.com,,https://terramillefolia.com,"Sainte-Ursule, Québec",https://regenerationcanada.org/en/ferme-terra-millefolia/,https://regenerationcanada.org/en/map/
Forrest Farm Sheep & Goat Cheese Creamery,Beef; Poultry; Vegetables; Dairy; Honey & bee products; Mixed farming; rpc14,Workshops & trainings; Employment opportunities,"Sheep cheese, goat cheese, lamb meat, Goat meat, pork, flowers, vegetables, eggs, wool yarn",,,,250-777-1186,https://forrestfarmsalmo.com,"Salmo, BC",https://regenerationcanada.org/en/forrest-farm-sheep-amp-goat-cheese-creamery/,https://regenerationcanada.org/en/map/
Ferme la Bourrasque,Vegetables; Value-added products,Farm tour (for general public); Volunteer program; Employment opportunities,"garlic flower, garlic, eggplant, beet, bok choy, broccoli, chamomile, celeriac, Chinese cabbage, cucumber, squash, zucchini, turmeric, spinach, French shallot, fennel, ginger, bean, kale, mesclun, lettuce, onion, onion, sweet potato, leek, bell pepper, hot pepper, potato, rabiole, radish, winter radish, radicchio, arugula, tomato, cherry tomato, parsley, coriander, dill, thyme, sage, chives, rosemary, mint, stevia, oregano",,,fermelabourrasque@hotmail.com,15143490516,,"saint-nazaire d\'acton, Quebec",https://regenerationcanada.org/en/ferme-la-bourrasque/,https://regenerationcanada.org/en/map/
The Knotted Willow Farm and Nursery,Poultry; Vegetables; Fruit; Grains; Honey & bee products; Value-added products; Mixed farming; rpc14,Workshops & trainings; Activities for kids; Pick-your-own; Farm tour (for other farmers); Farm tour (for general public),"Jams, Jellies, Breads, Fruit, Honey, Eggs, Berries, Pastries, Apple trees, Cooking classes, Baking classes, Gardening classes, Apocathery classes, Homegrown teas, Flowers, Homemade candies and Chocolates, Tea garden, Farm to table",,,aguyitt@gmail.com,519-702-7304,https://theknottedwillowfarm.ca,"Muirkirk, Ontario",https://regenerationcanada.org/en/knotted-willow-farm/,https://regenerationcanada.org/en/map/
Joyfully Organic Farm,Vegetables,Farm tour (for other farmers); Farm tour (for general public); Volunteer program,"CSA Boxes, Broccoli, Arugula, Spinach, Lettuce, Garlic, Kale, Radishes, Beets, Carrots, Zucchini, Turnips, Kohlrabi, Cabbage, Parsnips, Potatoes, Sunchokes, Onions, Salad Mixes, Swiss Chard, Rutabaga, Asian Greens, Leeks, Squash, Herbs, Flowers, Tomatoes, Cherry Tomatoes, Eggplant",,,info@joyfullyorganicfarm.ca,,https://joyfullyorganicfarm.ca,"Markham, Ontario",https://regenerationcanada.org/en/joyfully-organic-farm/,https://regenerationcanada.org/en/map/
3x Bar Land & Cattle co.,Beef,Workshops & trainings; Activities for kids; Soil testing; Farm tour (for other farmers); Farm tour (for general public),"Grass-finished beef, Pasture-to-plate chicken",,,3xbarranch@gmail.com,780-933-9272,https://www.3xbarlandandcattle.com,"Goodfare, Alberta",https://regenerationcanada.org/en/3x-bar-ranch/,https://regenerationcanada.org/en/map/
Rustik Bison,Beef,Farm tour (for other farmers); Farm tour (for general public); Farm dinners and events,"Meat cuts, terrines, rillettes, sausages, smoked meats, jerky, sausages, burger patties, hides, horns",,,anoukcaron@rustikbison.ca,8193497023,https://rustikbison.com,"Saint-Herménégilde, Quebec / Québec",https://regenerationcanada.org/en/rustik-bison/,https://regenerationcanada.org/en/map/
Les Bontés de la Vallée,Vegetables; Fruit; Value-added products,Workshops & trainings; Farm tour (for other farmers); Volunteer program; Wwoofing,"Garlic, Amaranth, Dill, Eggplant, Basil, Swiss chard, Beetroot, Bok choi, Broccoli, Chamomile, Cantaloupe, Carrot, Celery, Celeriac, Chervil, Ground cherry, Cherry, Chicory, Cabbage, Chinese cabbage, Cauliflower, Cauliflower, Kohlrabi, Chrysanthemum, Chives, Miner's lettuce, Cucumber, Coriander, Squash, Watercress, Cumin, Daikon, Shallot, Spinach, Fennel, Flowers, Beans, Kale, Lettuce, Lamb's lettuce, Melons, Mesclun, Onions, Sorrel, Parsnip, Pepper, Leek, Peas, Pepper, Purslane, Turnip, Radish, Herbs, Rapini, Arugula, Rutabaga, Tomato, Tomatillo, Zucchini, Greens",,,info@lesbontes.org,438-883-2401,https://www.lesbontes.org,"Havelock, Québec",https://regenerationcanada.org/en/les-bontes-de-la-vallee/,https://regenerationcanada.org/en/map/
Wholesome Pastures,Beef; Poultry; Pork,Farm tour (for general public),"grass fed and finished beef, grass fed and finished lamb, pastured chicken, pastured duck, free range pastured eggs, sheepskins, skin care, zero waste, lip balm, small batch hand poured soap, natural, no preservative, leather earrings, leather bags, leather",,,wholesomepastures@gmail.com,519-933-3501,https://wholesomepastures.ca,"Crediton, ON",https://regenerationcanada.org/en/wholesome-pastures/,https://regenerationcanada.org/en/map/
Heartwood Farm & Cidery,Beef; Fruit; Seeds; Mixed farming,Workshops & trainings; Farm equipment sharing; Farm tour (for other farmers); Farm tour (for general public),"Craft cider, Maple syrup, Grass-fed beef, Honey, Farm stays",,,info@heartwoodfarm.ca,416-527-4432,https://www.heartwoodfarm.ca,"Acton, Ontario",https://regenerationcanada.org/en/heartwood-farm-cidery/,https://regenerationcanada.org/en/map/
La Fermette,Poultry; Vegetables,Workshops & trainings; Internship program,"Tomatoes, cucumbers, peppers, eggplant, beans, mesclun, lettuce, carrots, radishes, turnips, peas, beets, onions, green onions, herbs, celery, zucchini, eggs, +++",,,info@lafermette.ca,514-799-7188,https://lafermette.ca,"Hemmingford, Quebec",https://regenerationcanada.org/en/la-fermette/,https://regenerationcanada.org/en/map/
Safranière des Cantons,Poultry; Vegetables; Fruit; Grains,Pick-your-own; Farm tour (for other farmers); Farm tour (for general public); Volunteer program; Wwoofing,"Vegetables, Grapes, Strawberries, Apples, Pears, Saffron, Paprika, Spices, Eggs, Fruits",,,frederic.bachand@fermesdc.com,438-523-9576,https://www.safranieredescantons.com,"Stanbridge Station, Québec",https://regenerationcanada.org/en/safraniere-des-cantons/,https://regenerationcanada.org/en/map/
Nature’s Way Farm,Beef; Other / multiple categories,Workshops & trainings; Soil testing; Farm tour (for other farmers); Farm tour (for general public); Volunteer program; Internship program; Wwoofing,"Alfalfa seed, Leafcutter Bees, Cattle",,,plundgard@telus.net,780-338-2934,,"Grimshaw, AB",https://regenerationcanada.org/en/natures-way-farm/,https://regenerationcanada.org/en/map/
Sunnie Valley Farms,Beef; Pork,Workshops & trainings; Farm tour (for other farmers); Farm tour (for general public),"beef, pork, grain",,,sheehan6@telus.net,780-349-3937,https://sunnievalleyfarms.com,"Westlock Alberta, Alberta",https://regenerationcanada.org/en/sunnie-valley-farms/,https://regenerationcanada.org/en/map/
Clanman Jerseys Ltd,Dairy; Other / multiple categories,Workshops & trainings; Farm tour (for other farmers); Farm tour (for general public),"Milk(commercial sales), Grass finished beef, Compost",,,,204-868-5608,,"Clanwilliam, Manitoba",https://regenerationcanada.org/en/clanman-jerseys-ltd/,https://regenerationcanada.org/en/map/
Barnyard Organics Ltd,Beef; Poultry; Pork; Other / multiple categories,Workshops & trainings; Farm tour (for other farmers); Employment opportunities,"Organic feed, eggs, beef, grains",,,info@barnyardorganics.com,902-887-3188,https://barnyardorganics.com,"Freetown, PEI",https://regenerationcanada.org/en/barnyard-organics-ltd/,https://regenerationcanada.org/en/map/
What the Hill Farm,Beef; Fruit; Mixed farming; rpc14; Other / multiple categories,Soil testing,"Lamb, Wool, Birch Syrup, Apples, Mushrooms",,,info@whatthehillfarm.ca,8076306779,https://whatthehillfarm.ca,"Kakabeka Falls, ON",https://regenerationcanada.org/en/what-the-hill-farm/,https://regenerationcanada.org/en/map/
Edible Plant Source,Value-added products,Workshops & trainings,"Permaculture and food forestry edible perennial plants, currants, Blueberries, Goumi, Nut trees, Fruit trees, Nitrogen Fixing Shrubs, Honeyberry, Sour Cherry, Hardy Edible Perennials, Perennial Vegetables, Raspberries",,,Edibleplantsource@gmail.com,2505382380,https://Www.edibleplantsource.com,"Saanich, BC",https://regenerationcanada.org/en/edible-plant-source/,https://regenerationcanada.org/en/map/
Ferme Lionel Angers inc,Pork; Lamb,,"Organic Maple Syrup, Organic Soybeans, Organic Corn",,,frangers@msn.com,4503609797,,"Saint-Cesaire, Québec",https://regenerationcanada.org/en/ferme-lionel-angers-inc/,https://regenerationcanada.org/en/map/
Grassroots Farm,Beef,Farm tour (for other farmers),"Grass fed beef, Woodland pork",,,,613-315-9280,https://Grassrootsfarm.ca,"Rupert, Québec",https://regenerationcanada.org/en/grassroots-farm/,https://regenerationcanada.org/en/map/
Grazing Days Farm,Beef,Farm tour (for other farmers); Farm tour (for general public); Farm dinners and events,"Grass-fed Beef, Pastured Pork, Pastured Chicken",,,info@grazingdays.ca,613-898-9136,https://grazingdays.ca,"St-André-Avellin, Quebec",https://regenerationcanada.org/en/grazing-days-farm/,https://regenerationcanada.org/en/map/
Ferme Éboulmontaise,Beef; Poultry; Vegetables; Fruit,Workshops & trainings; Activities for kids; Farm tour (for other farmers); Farm tour (for general public); Volunteer program; Internship program; Wwoofing; Farm dinners and events,"Lamb meat, pork meat, poultry meat, rabbit meat, quail eggs, chicken eggs, wool products, fur products, vegetables, fruits, bulk compost",,,Commande@fermeeboulmontaise.ca,4186336767,https://FermeEboulmontaise.ca,"Les Éboulements , Québec",https://regenerationcanada.org/en/ferme-eboulmontaise/,https://regenerationcanada.org/en/map/
Stony Hill Farm,Poultry; Grains; Other / multiple categories,Workshops & trainings; Activities for kids; Pick-your-own; Farm tour (for other farmers); Farm tour (for general public),"Eggs from grazing hens, Saskatoon berries, Camping",,,brenda@sustainablegrain.ca,204-296-6265,https://stonyhillfarm.ca,"Oakbank, Manitoba",https://regenerationcanada.org/en/stony-hill-farm/,https://regenerationcanada.org/en/map/
Au Petit Boisé,Poultry; Vegetables; Fruit; Grains; Honey & bee products; Value-added products,Workshops & trainings; Farm tour (for other farmers); Farm tour (for general public); Volunteer program; Internship program; Wwoofing,mostly veggie baskets,,,aupetitboise@gmail.com,450-295-2471,https://aupetitboise.com,"Dunham, Quebec",https://regenerationcanada.org/en/au-petit-boise/,https://regenerationcanada.org/en/map/
Diddley Squash Farm,Vegetables,Farm tour (for other farmers); Farm tour (for general public); Volunteer program; Farm dinners and events,"Parsley, Cilantro, Swiss chard, Arugula, Lettuce, Spinach, Turnip, Carrots, Onions, Garlic, Potatoes, Cabbage, Brussel sprouts, Peas, Beans, Corn, Beets, Tomatoes, Peppers, Kale, Cucumbers, Strawberries, Squash, Pumpkins",,,selinkle@aol.com,506-872-4984,https://certified.naturallygrown.org/producers/5639,"Salisbury West, NB, Canada",https://regenerationcanada.org/en/diddley-squash-farm/,https://regenerationcanada.org/en/map/
Hazy Hollow Acres,Beef; Poultry; Vegetables; Grains,Pick-your-own,"Broiler Chickens, Grass-fed Beef, Eggs, Turkeys, Duck eggs, Duck Hatching Eggs, Strawberries, Raspberries, Potatoes, Corn",,,teresavdha@gmail.com,4033080010,https://hazyhollowacres.weebly.com,"Picture Butte, AB",https://regenerationcanada.org/en/hazy-hollow-acres/,https://regenerationcanada.org/en/map/
Integrated Farms,Beef; Poultry; Vegetables; Honey & bee products; Mixed farming; Other / multiple categories,Workshops & trainings; Activities for kids; Farm tour (for other farmers); Farm tour (for general public),"chicken, beef, pork, eggs, rabbit, honey, turkey",,,info@ifarmfresh.ca,7058350551,https://info@ifarmfresh.ca,"Coldwater, Ontario",https://regenerationcanada.org/en/integrated-farms/,https://regenerationcanada.org/en/map/
Lost Savanna Farm,Beef; Dairy,Activities for kids,"butter, pork, beef",,,lostsavannafarm@gmail.com,250-202-2729,https://lostsavannafarm.com,"Black Creek, BC",https://regenerationcanada.org/en/lost-savanna-farm/,https://regenerationcanada.org/en/map/
Red Roof Farm,Other / multiple categories,,Land stewardship and education are at the heart of the project. We want to create space for land owners to learn about how to be good stewards.,,,branigan.monica@gmail.com,4164584701,,"Creemore, ON",https://regenerationcanada.org/en/red-roof-farm/,https://regenerationcanada.org/en/map/
W Diamond Ranch,Beef,Workshops & trainings; Activities for kids; Farm equipment sharing; Farm tour (for other farmers); Farm tour (for general public),"Beef, pork, lamb, goat, poultry, value added, inspected custom slaughter, carcass transport, cut/wrap service",,,wdranch@bulkley.net,250-877-9635,https://WDiamondranch.ca,"TELKWA, BC",https://regenerationcanada.org/en/w-diamond-ranch/,https://regenerationcanada.org/en/map/
Wilderland Botanicals,Honey & bee products; Other / multiple categories,Farm tour (for other farmers); Farm tour (for general public),"Rhodiola rosea, Calendula, Camomile, Arnica, Stinging Nettle, Oat Straw, Yarrow, Tinctures, Wet and Dried Roots, Biochar, Compost",,,info@wilderlandbotanicals.com,867-993-3698,https://wilderlandbotanicals.com,"Whitehorse, Yukon",https://regenerationcanada.org/en/wilderland-botanicals/,https://regenerationcanada.org/en/map/
Saunders Family Farm & Vineyard,Fruit; Seeds,Farm tour (for other farmers),Winegrapes: chardonnay - pinot noir - riesling - cabernet franc - merlot,,,saundersfamilyfarm@gmail.com,,https://www.instagram.com/saundersvineyard,"Lincoln, Ontario",https://regenerationcanada.org/en/saunders-family-farm-vineyard/,https://regenerationcanada.org/en/map/
Glen Lake Pasture Farm,Beef; Poultry,Farm tour (for general public),"Heritage Breed Red Wattle Pork, Pasture raised Chicken, Pasture Raised Turkey, Grass Fed Beef, Weaner Pigs for homesteaders/backyard farmers",,,Travis@glenlakepasture.ca,9023935119,https://glenlakepasture.ca,"Tarantum, Prince Edward Island",https://regenerationcanada.org/en/glen-lake-pasture-farm/,https://regenerationcanada.org/en/map/
Le Verger Labonté,Fruit; Vegetables; Poultry,Workshops & trainings; Activities for kids; Pick-your-own; Farm tour (for other farmers); Farm tour (for general public),"Apples, pears, pumpkins, squash, garlic, plums, processed apple products",,,nathalie.gervais@vergerlabonte.com,5149837379,https://vergerlabonte.com,"Notre-Dame-De-L\'île-Perrot, QC",https://regenerationcanada.org/en/le-verger-labonte/,https://regenerationcanada.org/en/map/
Ferme Vimo (2010) Inc.,Pork; Dairy,Soil testing,"Milk (Commercial sale), Wheat (Commercial sale)",,,fermevimo@hotmail.com,819-560-1325,,"Hatley, Québec",https://regenerationcanada.org/en/ferme-vimo/,https://regenerationcanada.org/en/map/
Oneka,Other / multiple categories,Workshops & trainings; Farm tour (for other farmers); Farm tour (for general public),Body care products,,,contact@onekaelements.com,450-298-5352,https://www.onekaelements.com,"Frelighsburg, Québec",https://regenerationcanada.org/en/oneka/,https://regenerationcanada.org/en/map/
Houle Farm,Beef; Pork; Lamb,Farm tour (for other farmers),"Corn, Soybeans, Small Grains, Pastured Pork, Free Range Chicken, Free Range Turkeys",,,fermehoulefarm@gmail.com,613-402-3061,,"Curran, ON, CA",https://regenerationcanada.org/en/houle-farm/,https://regenerationcanada.org/en/map/
La Balzane_Sol Vivant à l\'Oeuvre,Beef; Poultry; Other / multiple categories,Workshops & trainings; Activities for kids; Farm tour (for other farmers); Farm tour (for general public); Volunteer program; Internship program; Farm dinners and events; Employment opportunities,"Beef, pork, chicken, lamb, eggs, cosmetics and skin care products made 100% with animal fat as the base",,,domainelabalzane@gmail.com,5148333528,https://labalzane.ca,"Saint-Simon-de-Bagot, Québec",https://regenerationcanada.org/en/la-balzanesol-vivant-a-loeuvre/,https://regenerationcanada.org/en/map/
Coen Farm,Beef; Poultry; Pork; Vegetables; Dairy; Fruit; Grains,Workshops & trainings; Farm tour (for other farmers); Farm tour (for general public); Internship program,"Milk-Fed Pork, Grass-Fed Beef, Pasture Raised Eggs, Forest Garden Fruits, Consulting, Tours, Books",,,,,https://www.coenfarm.ca,"Ferintosh, AB",https://regenerationcanada.org/en/coen-farm/,https://regenerationcanada.org/en/map/
Les jardins de l\'écoumène,Other / multiple categories,Workshops & trainings; Activities for kids; Farm tour (for general public); Internship program,Vegetable and herb seeds,,,guylaine@ecoumene.com,14508982855,https://ecoumene.com,"St-Damien, QC",https://regenerationcanada.org/en/les-jardins-de-lecoumene-inc/,https://regenerationcanada.org/en/map/
Tru Pure Farms,Vegetables; Other / multiple categories,Workshops & trainings; Soil testing,"Tomatoes, Potatoes, Artichokes, Lettuce, Other produce, Compost",,,info@stangls.com,905-641-8133,,"ST. Catharines, ON",https://regenerationcanada.org/en/tru-pure-farms/,https://regenerationcanada.org/en/map/
Riverdale Farm & Forest Inc.,Poultry; Vegetables; Fruit; Grains; Other / multiple categories,Farm tour (for other farmers); Farm tour (for general public); Farm dinners and events,"Eggs, Potatoes, Kale, Garlic, Cabbage, Tomatoes, Carrots, Beets, Parsnips, Onions, Mushroom, Sea Buckthorn Berries, Pears, Compost",,,,905-588-0085,https://riverdalefarmandforest.ca,"Inglewood, ON, CA",https://regenerationcanada.org/en/riverdale-farm-forest-inc/,https://regenerationcanada.org/en/map/
Ferme maraîchère le Baluchon s.e.n.c.,Poultry; Vegetables; Honey & bee products,,"Carrots, Beets, Lettuce, Spinach, Herbs, Swiss chard, Kale, Broccoli, Cabbage, Chinese cabbage, Rutabaga, Radishes, Tomatoes, Bell peppers, Chili peppers, Cucumbers, Summer squash, Winter squash, Pumpkins, Onions, Beans, Sweet peas, Mesclun, Rhubarb, Sorrel, Arugula, Eggs, Flowers",,,info@fermelebaluchon.com,450-451-1116,https://www.fermelebaluchon.com,"Rigaud, Québec",https://regenerationcanada.org/en/ferme-le-baluchon/,https://regenerationcanada.org/en/map/
Highfield Regenerative Farm,Vegetables; Honey & bee products; Other / multiple categories,Farm tour (for other farmers); Farm tour (for general public); Volunteer program; Farm dinners and events,"Greens, MicroGreens, Flowers, Compost, Worm Castings, Soil Mixes, Compost Extract, Garlic",,,highfieldregenerativefarm@gmail.com,403-605-6669,https://www.highfieldfarm.ca,"Calgary, Alberta",https://regenerationcanada.org/en/highfield-regenerative-farm/,https://regenerationcanada.org/en/map/
Ravenwood Farm,Beef; Poultry; Vegetables; Fruit; Grains; Mixed farming,Volunteer program; Internship program; Wwoofing; Employment opportunities,"Black Currant Products, Honey, Eggs, Beef boxes, Raspberries",,,ravenwoodfarmbc@xplornet.ca,7886919905,https://ravenwoodfarm.ca,"Groundbirch, BC",https://regenerationcanada.org/en/ravenwood-farm/,https://regenerationcanada.org/en/map/
Lightfoot & Wolfville Vineyards,Seeds,Workshops & trainings; Farm tour (for other farmers); Farm tour (for general public); Internship program,"wine, wine grapes",,,info@lightfootandwolfville.com,902-542-7774,https://lightfootandwolfville.com,"Wolfville, Nova Scotia",https://regenerationcanada.org/en/lightfoot-wolfville-vineyards/,https://regenerationcanada.org/en/map/
Andreas Ventures,Beef; Pork; Lamb; Mixed farming,Farm tour (for other farmers); Farm tour (for general public),"beef, oats, peas, flax, barley, honey",,,s.andreas@sasktel.net,306-272-7395,,"Sheho, Saskatchewan",https://regenerationcanada.org/en/andreas-ventures/,https://regenerationcanada.org/en/map/
Pure Pasture Products,Beef; Poultry,Workshops & trainings; Farm equipment sharing; Farm tour (for other farmers); Farm tour (for general public); Internship program,"Beef, Pork, Goats, Eggs, Chicken, Turkey",,,purepastureproducts@gmail.com,780-864-8093,https://www.purepastureproducts.com,"Rose Prairie, British Columbia",https://regenerationcanada.org/en/pure-pasture-products/,https://regenerationcanada.org/en/map/
Cold Springs Organics,Vegetables; Other / multiple categories,,organic vegetables,,,coldspringsorganics@gmail.com,4162099196,https://coldspringsorganics.com,"Campbellcroft, Ontario",https://regenerationcanada.org/en/cold-springs-organics/,https://regenerationcanada.org/en/map/
StoneCroft Farm,Beef; Pork; Grains,Pick-your-own; Farm tour (for other farmers); Farm tour (for general public); Volunteer program; Farm dinners and events,"Turkey, Ground turkey, Turkey sausages, Turkey rolls, Whole cereal grains, Blueberries",,,glenandkathybeaton@live.com,250-334-7159,,"Black Creek, British Colombia",https://regenerationcanada.org/en/stonecroft-farm/,https://regenerationcanada.org/en/map/
Ferme Panama et fils SENC,Dairy,,Grass-fed milk,,,sophie.bedard@hotmail.com,4184283662,https://facebook.com/FermePanama,"St-Pierre Baptsite, QC",https://regenerationcanada.org/en/ferme-panama-et-fils-senc/,https://regenerationcanada.org/en/map/
Boule Creek Farms,Pork,Farm tour (for other farmers),"Durum, Wheat, Canola, Barley, Lentils",,,farmerleyen@gmail.com,,,"Admiral, Saskatchewan",https://regenerationcanada.org/en/boule-creek-farms/,https://regenerationcanada.org/en/map/
Bla-Kar Farms,Beef; Pork,Farm tour (for other farmers); Farm tour (for general public),"Non GMO corn, Non GMO soybeans, Winter Wheat, Cover Crop Seed",,,e.blakevince@gmail.com,519-359-0924,,"Merlin, Ontario",https://regenerationcanada.org/en/bla-kar-farms/,https://regenerationcanada.org/en/map/
Persephone Brewing Company Farm,Poultry; Vegetables; Fruit; Grains; Other / multiple categories,Farm tour (for general public),"Raspberries, Apples, Greens, Blueberries",,,brian@thebeerfarm.ca,7784623007,https://www.persephonebrewing.com/our-farm,"Gibsons, BC",https://regenerationcanada.org/en/persephone-brewing-company/,https://regenerationcanada.org/en/map/
re.Planted Farm & Florals,Vegetables; Honey & bee products,Workshops & trainings; Activities for kids; Pick-your-own; Farm tour (for other farmers); Farm tour (for general public); Volunteer program,"Vegetables, Microgreens, Cut Flowers, Seedlings, Dahlia Tubers, Tulip Bulbs, Wedding Flowers",,,letschat@replantedfarm.ca,6399160315,https://replantedfarm.ca,"Deep River, Ontario",https://regenerationcanada.org/en/replanted-farm-amp-florals/,https://regenerationcanada.org/en/map/
Field Good Farms / La ferme j\'me champ bien,Vegetables; Grains; Other / multiple categories,Farm tour (for other farmers); Volunteer program; Internship program; Wwoofing,"Vegetables, Herbal Teas, Berries",,,info@fieldgoodfarms.ca,7059781664,https://fieldgoodfarms.ca,"Cache Bay, Ontario",https://regenerationcanada.org/en/field-good-farms-la-ferme-jme-champ-bien/,https://regenerationcanada.org/en/map/
Springfield Farm,Vegetables; Honey & bee products; Mixed farming,Activities for kids; Farm tour (for other farmers); Farm tour (for general public),"Hulless Oats, Maple Syrup, Honey, Potatoes, Garlic, Basil, Thyme, Horseradish, Sunflowers, Squash",,,springfieldfarmorganics@gmail.com,6135280083,https://springfieldfarmorganics.ca,"Apple Hill, Ontario",https://regenerationcanada.org/en/springfield-farm-2/,https://regenerationcanada.org/en/map/
La VAM Box,Poultry; Vegetables; Fruit; Honey & bee products,Workshops & trainings; Farm tour (for other farmers); Farm tour (for general public); Internship program,"Mixed vegetable baskets by the unit or subscription, Flower bouquets by the unit or subscription, Online boutique, Eco-responsible farm products",,,audrey@bogemans.ca,514-617-6207,,"St-Sebastien, Québec",https://regenerationcanada.org/en/la-vam-box/,https://regenerationcanada.org/en/map/
La Station (Ferme Pierre Bolduc enr),Pork; Dairy,Farm tour (for other farmers); Farm tour (for general public); Internship program; Farm dinners and events,"Milk, Cheese, Hay, Wheat, Barley, Soy, Corn, Maple syrup",,,,8196744840,https://fromagerielastation.com,"Compton, Québec",https://regenerationcanada.org/en/la-station/,https://regenerationcanada.org/en/map/
Crescentwood Farms Ltd.,Beef; Pork; Lamb; Other / multiple categories,Farm equipment sharing; Farm tour (for other farmers); Volunteer program; Internship program,"Hard Red Spring Wheat, Yellow Peas, Perennial Ryegrass, Oats, Malt Barley, Canola, Fall Rye, Pastured Pork, Flax, Hairy Vetch, Timber Frame Structures, Hay",,,CrescentwoodFarms@posteo.ca,+1 431 761 7881,https://crescentwood.ca,"Russell, Manitoba",https://regenerationcanada.org/en/crescentwood-farms-ltd/,https://regenerationcanada.org/en/map/
Ferme de l\'odyssee,Pork; Lamb; Vegetables,Farm equipment sharing; Farm tour (for other farmers),"Corn, Soy, Rye, Hairy vetch, Forage peas, Leeks, Squash, Pumpkin seeds",,,sebastien.angers.regen@gmail.com,819-448-2383,https://www.fermedelodyssee.ca,"Sainte-Monique, Québec",https://regenerationcanada.org/en/ferme-de-lodyssee/,https://regenerationcanada.org/en/map/
Kirkview Farms,Beef; Poultry; Mixed farming,Workshops & trainings; Farm tour (for other farmers); Farm tour (for general public); Volunteer program,"100% Grass Fed Beef, Pastured Chicken, Pastured Turkey, Seasonal Pastured Eggs, Naturally Raised Pork, Maple Syrup, Maple Butter",,,info@kirkviewfarms.ca,289-680-8684,https://www.kirkviewfarms.ca,"Dalkeith, Ontario",https://regenerationcanada.org/en/kirkview-farms/,https://regenerationcanada.org/en/map/
Patch Farm,Beef; Poultry,Farm equipment sharing; Farm tour (for other farmers); Farm tour (for general public),"Beef, Pork, Chicken, Turkey, Eggs",,,fermepatchfarm@gmail.com,450-775-8698,https://facebook.com/fermepatchfarm,"Brome, Québec",https://regenerationcanada.org/en/patch-farm_/,https://regenerationcanada.org/en/map/
Cardale Grain Corp.,Pork; Lamb,Workshops & trainings; Farm tour (for other farmers); Farm tour (for general public); Internship program,"Flour, Red Fife Wheat, HRS Wheat, Oats, Peas, Barley, Canola, Fababeans, Camelina, Hay",,,chrisraupers@hotmail.com,204-868-5329,https://engrainedflour.ca/,"Newdale, MB",https://regenerationcanada.org/en/cardale-grain-corp/,https://regenerationcanada.org/en/map/
Meeting Place Organic Farm,Beef; Poultry; Fruit; Value-added products,Workshops & trainings; Activities for kids; Farm tour (for other farmers); Farm tour (for general public); Internship program,"Grass fed and finished beef, Pastured Pork, Pastured Poultry (Chickens), Pastured Ducks and Geese, Free range pastured chicken eggs, Free range pastured duck and quail eggs, Apples, Apple Butter, Apple Cider, Apple Cider Vinegar, Heirloom Tomato plants, Other garden bedding plants, Flower Bouquets & Bouquet Subscriptions",,,meetingplaceorganicfarm@gmail.com,519-528-2493,https://www.meetingplaceorganicfarm.ca,"Lucknow, Ontario",https://regenerationcanada.org/en/meeting-place-organic-farm/,https://regenerationcanada.org/en/map/
Divine Colour Acres,Honey & bee products; Vegetables,Workshops & trainings; Activities for kids; Farm tour (for other farmers),"Fresh cut flowers, natural dyes, dried florals, garlic",,,divinecolouracres@gmail.com,,https://www.divinecolouracres.ca/,"Almonte, ON",https://regenerationcanada.org/en/divine-colour-acres/,https://regenerationcanada.org/en/map/
Juniper,Vegetables,,"mixed vegetables, farm-to-table kitchen",,,info@juniperfarm.ca,819-459-1630,https://juniperfarm.ca,"Wakefield, quebec",https://regenerationcanada.org/en/juniper/,https://regenerationcanada.org/en/map/
Scorched Earth Vineyard & Winery,Seeds,Farm tour (for general public); Volunteer program; Internship program; Wwoofing,Wine,,,info@scorchedearthwinery.ca,250-717-7994,https://www.scorchedearthwinery.ca,"Kelowna, British Columbia",https://regenerationcanada.org/en/scorched-earth-vineyard-winery/,https://regenerationcanada.org/en/map/
Box H Farm,Beef; Mixed farming,Farm tour (for other farmers); Farm tour (for general public); Volunteer program,"Grass-fed beef, Pasture-raised pork, Honey",,,boxhfarm@gmail.com,306-815-7191,https://www.boxhfarm.ca,"Gladmar, Saskatchewan",https://regenerationcanada.org/en/box-h-farm/,https://regenerationcanada.org/en/map/
Scout Vineyard,Grains; Seeds,Soil testing; Farm equipment sharing,"Wine grapes - syrah, Wine grapes - Riesling, Wine grapes - Pinot Gris, Wine Grapes - Cab Sauv",,,Murray@scoutvineyard.com,250-499-1556,https://Scoutvineyard.com,"Cawston, BC",https://regenerationcanada.org/en/scout-vineyard/,https://regenerationcanada.org/en/map/
98 Ranch,Beef,Workshops & trainings,"Grassfed Beef, Eggs, Forage developed bulls as part of Pharo Cattle Co. Network",,,98ranch.ross@gmail.com,306-447-4600,,"Lake Alma, Saskatchewan",https://regenerationcanada.org/en/98-ranch-2/,https://regenerationcanada.org/en/map/
Ferme Guayclair,Beef; Pork; Lamb,Farm equipment sharing; Pick-your-own; Farm tour (for other farmers),"Beef, Wheat, Soy, Hay",,,guayclair@live.ca,514-705-9902,https://www.fermeguayclair.com,"Brownsburg-Chatham, Québec",https://regenerationcanada.org/en/ferme-guayclair/,https://regenerationcanada.org/en/map/
Southbrook Vineyards,Beef; Poultry; Seeds; Other / multiple categories,Farm tour (for other farmers); Farm tour (for general public),"Wine, Lamb, Pork, Beef, Eggs",,,info@southbrook.com,905-380-9095,https://www.southbrook.com,"Niagara on the Lake, Ontario",https://regenerationcanada.org/en/southbrook-vineyard/,https://regenerationcanada.org/en/map/
Ferme Rejo Holstein,Beef; Dairy,,"Milk (commercially), Wagyu Beef",,,rejoholstein@gmail.com,819-571-5837,https://www.facebook.com/profile.php?id=61551898040298,"Wotton, Québec",https://regenerationcanada.org/en/ferme-rejo-holstein/,https://regenerationcanada.org/en/map/
La Ferme Végétale,Vegetables; Fruit; Mixed farming,Workshops & trainings; Pick-your-own; Wwoofing,"Honey, honeyberry, garlic",,,lafermevegetale@hotmail.com,4186906001,https://lafermevegetale.ca,"labrecque, Quebec",https://regenerationcanada.org/en/la-ferme-vegetale/,https://regenerationcanada.org/en/map/
Open Sky Co-operative,Poultry; Vegetables; Fruit; Grains; Honey & bee products; Mixed farming,Farm tour (for other farmers); Farm tour (for general public); Volunteer program,"Eggs, Honey, Raspberries, Blackberries, Plums, Wild cranberries, Gooseberries, Currants (red and black), Fresh vegetables in season, Pickles, Preserves, Wildflowers, Jalapeno salts, Hot chocolate mixes, Dried Herbs, Grapes",,,farmer@openskyco-op.ca,(506) 536-4565,https://openskyco-op.ca/homepage,"Sackville, NB",https://regenerationcanada.org/en/open-sky-co-operative/,https://regenerationcanada.org/en/map/
Ferme Terra Terre,Poultry; Vegetables; Fruit; Honey & bee products,Farm equipment sharing; Pick-your-own; Farm tour (for general public); Volunteer program; Internship program; Wwoofing,"Vegetables, fruits, eggs, flowers",,,catherine@4everfood.com,5146776903,https://terraterre.square.site/,"Lac Brome, QC",https://regenerationcanada.org/en/ferme-terra-terre/,https://regenerationcanada.org/en/map/
À l\'Herbe! Bouvillons de pâturage,Beef; Poultry,,"Grassfed beef, Pork, Poultry, Eggs",,,info@alherbe.ca,418-285-7784,https://www.alherbe.ca,"Pont-Rouge, Québec",https://regenerationcanada.org/en/a-lherbe/,https://regenerationcanada.org/en/map/
Happiness By The Acre,Beef; Poultry; Vegetables; Mixed farming; Other / multiple categories,Farm tour (for other farmers); Farm tour (for general public); Volunteer program,"Chicken, Eggs, Beef, Pork, Honey, Vegetables, Garlic, Hay",,,farming@happinessbytheacre.ca,403-796-8293,https://www.happinessbytheacre.ca,"Didsbury, Alberta",https://regenerationcanada.org/en/happiness-acre/,https://regenerationcanada.org/en/map/
Carter Cattle Company,Beef; Pork; Lamb,,Grass-fed beef,,,cartercattle@xplornet.com,306-574-4908,,"Lacadena, Saskatchewan",https://regenerationcanada.org/en/carter-cattle/,https://regenerationcanada.org/en/map/
Richards Family Farm and Livestock Ltd.,Beef; Pork; Lamb,Workshops & trainings; Farm tour (for other farmers); Farm tour (for general public); Internship program,"beef cattle, grass-finished beef, forage-based cattle genetics, forage grain seed, carbon negative regenerative grain, consulting",,,glrichards@sasktel.net,3067285864,https://wholefarmmarket.com,"Bangor, SK",https://regenerationcanada.org/en/richards-family-farm-and-livestock-ltd/,https://regenerationcanada.org/en/map/
Clearview Farms Inc,Pork,,"Compost tea, grains, oil seeds, pulses",,,cr.galarneau@sasktel.net,306-869-7136,,"Radville, Saskatchewan",https://regenerationcanada.org/en/clearview-farms-inc/,https://regenerationcanada.org/en/map/
Merkaba Acres,Beef; Poultry; Vegetables; Honey & bee products,Farm equipment sharing; Farm tour (for other farmers); Volunteer program,"grass-fed beef, pasture raised eggs, vegetables, flowers",,,info@merkabaacres.com,416-726-8866,https://merkabaacres.com,"Bobcaygeon, Ontario",https://regenerationcanada.org/en/merkaba-acres/,https://regenerationcanada.org/en/map/
Icellars Estate Winery,Seeds,,Organic Wine,,,info@icellars.ca,2894795969,https://icellars.ca,"Niagara-on-the-Lake, Ontario",https://regenerationcanada.org/en/icellars-estate-winery/,https://regenerationcanada.org/en/map/
Zinn Farms,Beef; Poultry,Farm tour (for other farmers); Farm tour (for general public),"heritage pork cuts, sausages, bacon, ham, chicken whole, chicken cuts, chicken sausages, chicken eggs",,,freerange@zinnfarms.com,204-471-3418,https://zinnfarms.com,"Springstein, Manitoba",https://regenerationcanada.org/en/zinn-farms/,https://regenerationcanada.org/en/map/
Les Jardins Collaboratifs du Moutonblon,Lamb; Vegetables; Fruit; Grains; Honey & bee products,Farm tour (for other farmers); Farm tour (for general public),About forty different varieties of organic vegetables,,,olivier@jardinsmoutonblon.ca,514-377-9148,https://jardinsmoutonblon.ca,"Saint-Charles-sur-Richelieu, Québec",https://regenerationcanada.org/en/les-jardins-collaboratifs-du-moutonblon/,https://regenerationcanada.org/en/map/
Blue Sky Beef,Beef; Poultry,Workshops & trainings; Farm tour (for other farmers),"Chickens, Eggs, Pastured beef",,,jwecraig@gmail.com,519-831-2445,,"Arthur, Ontario",https://regenerationcanada.org/en/blue-sky-beef/,https://regenerationcanada.org/en/map/
The Dogs Run Farm,Beef; Poultry,Farm tour (for other farmers); Farm tour (for general public); Volunteer program; Internship program; Wwoofing; Employment opportunities,"Pork, Lamb, Beef, chicken, turkey, soap, eggs",,,hello@thedogsrunfarm.com,2048732025,https://thedogsrunfarm.com,"Clearwater, Manitoba",https://regenerationcanada.org/en/the-dogs-run-farm/,https://regenerationcanada.org/en/map/
Howpark Farms,Beef; Pork,Farm tour (for other farmers); Farm tour (for general public),"Grass-fed Organic Beef, Pasture Pork, Pasture Chickens, Organic Flax, Organic Wheat, Organic Barley",,,info@howpark.ca,204-725-1006,https://www.howpark.ca,"Brandon, Manitoba",https://regenerationcanada.org/en/howpark-farms/,https://regenerationcanada.org/en/map/
Rosengren Farms,Pork; Lamb,Farm tour (for other farmers); Farm tour (for general public); Internship program,"canola, non-GMO canola, flax, mustard, hemp, soybeans, lentils, peas, maple peas, chickpeas, wheat, durum, barley, oats, rye",,,colin@rosengrenfarms.com,306-458-7792,,"Midale, Saskatchewan",https://regenerationcanada.org/en/rosengren-farms/,https://regenerationcanada.org/en/map/
Hayfield Farm,Poultry; Vegetables; Fruit; Nuts; Seeds,Farm equipment sharing; Farm tour (for other farmers); Internship program,"Wine grapes, Eggs, Fruits, Vegetables",,,,,https://hayfieldfarm.ca,"Saint-Armand, Québec",https://regenerationcanada.org/en/hayfield-farm/,https://regenerationcanada.org/en/map/
GoodLot Farm + Farmstead Brewing Co.,Other / multiple categories,Farm tour (for other farmers); Farm tour (for general public); Internship program,"Beer, Seasonal vegetables",,,gail@goodlot.farm,519-927-5881,https://www.goodlot.beer,"Alton, Ontario",https://regenerationcanada.org/en/goodlot/,https://regenerationcanada.org/en/map/
Woodleigh Farms Ltd.,Pork; Vegetables; Value-added products; Mixed farming; Other / multiple categories,Soil testing; Farm equipment sharing; Farm tour (for other farmers); Farm tour (for general public); Internship program,"Organic Maple Syrup, Compost, Market Vegetables, Firewood, Hay, Straw, Corn, Soybeans, Oats, Wheat, Small Grains",,,woodleighfarms@gmail.com,(705)761-2063,https://cavanfresh.ca,"Cavan, ON",https://regenerationcanada.org/en/woodleigh-farms-ltd/,https://regenerationcanada.org/en/map/
Morgan Creek Farm,Beef; Poultry; Vegetables; Fruit; Grains; Honey & bee products; Mixed farming; Other / multiple categories,Workshops & trainings; Activities for kids; Farm tour (for other farmers); Farm tour (for general public); Volunteer program; Internship program; Wwoofing,"Chicken, Lamb, Turkey, Eggs, Vegetables, Fruit, Compost, Honey",,,aaron-grant@shaw.ca,250-616-9787,https://fb.com/Morgan-Creek-Farm-277538379293864/,"Nanaimo, British Columbia",https://regenerationcanada.org/en/morgan-creek-farm/,https://regenerationcanada.org/en/map/
Snowy Mountain Farm,Fruit,,"Cherries, Apricots, Peaches, Plums, Apples, Pears, Quince, Grapes",,,snowymountainfarm@gmail.com,2504992115,https://snowymountainfarm.com,"Cawston, British Columbia",https://regenerationcanada.org/en/snowy-mountain-farm/,https://regenerationcanada.org/en/map/
Les Jardins en Mouvement,Beef; Poultry; Vegetables; Fruit; Other / multiple categories,Wwoofing,"Kimchi, vegan dumplings, pork and kimchi dumplings, kimchi sausage, pikliz, sauerkraut, pastured chicken, eggs, squash, cabbage, garlic, onions, seasonal dishes",,,ljem.info@gmail.com,4383570977,https://jardins.dunham.info,"Dunham, Quebec",https://regenerationcanada.org/en/les-jardins-en-mouvement/,https://regenerationcanada.org/en/map/
Big Bear Ranch,Beef; Mixed farming,Farm tour (for general public); Volunteer program; Wwoofing; Employment opportunities,"grassfed and grass finished lamb and beef, pasture raised heritage pigs, custom grazing for certified organic beef",,,info@bigbearranch.com,2506203353,https://bigbearranch.com,"HORSEFLY, British Columbia",https://regenerationcanada.org/en/big-bear-ranch/,https://regenerationcanada.org/en/map/
Little Fields Farm,Beef; Poultry; Vegetables; Honey & bee products,Farm tour (for other farmers); Volunteer program,"Eggs, Arugula, Basil, Beans, Beets, Broccoli, Cabbage, Nappa cabbage, Carrots, Chard, Chicken, Chives, Cilantro, Collards, Cucumbers, Pickling cucumbers, Dill, Edamame, Eggplants, Fennel, Green onions, Ground cherries, Kale, Kohlrabi, Leeks, Head lettuce, Lettuce mix, Okra, Onions, Oregano, Pak choi, Pork, Turkey, Vegetables, Flowers, Herbs, Soap, Preserves",,,claire@littlefields.farm,226-927-4440,https://www.littlefields.farm,"Bright, Ontario",https://regenerationcanada.org/en/little-fields-farm/,https://regenerationcanada.org/en/map/
Green Beach Farm and Food,Beef; Poultry; Pork,Pick-your-own; Farm tour (for other farmers); Farm tour (for general public); Internship program,"Grass-finished Beef, Forest-raised pork, pastured chickens, pastured eggs, certified organic small grains, certified organic chicken feed .",,,greenbeachfarm@gmail.com,204-365-6358,https://greenbeachfarm.com,"Strathclair , Manitoba",https://regenerationcanada.org/en/green-beach-farm-and-food/,https://regenerationcanada.org/en/map/
Peony Farms,Beef; Pork,Farm tour (for other farmers); Farm tour (for general public); Employment opportunities,Bulk beef products,,,,,https://peonyfarms.com,"Lacombe, Alberta",https://regenerationcanada.org/en/peony-farms-2/,https://regenerationcanada.org/en/map/
Schill Family Farm - Organics,Beef; Poultry; Pork; Lamb,Activities for kids; Farm tour (for other farmers); Farm tour (for general public),"eggs, pork, lamb, spelt, lentils, flax, sunflower seeds, chicken, dry beans",,,schillfamilyfarm@outlook.com,3063317858,,"Balcarres, Saskatchewan",https://regenerationcanada.org/en/schill-family-farm-organics/,https://regenerationcanada.org/en/map/
Pâturages du Lac Brome,Beef,Farm tour (for other farmers),"Beef, Lamb, Chicken",,,emilie1080@gmail.com,5142624421,https://www.paturagesdulacbrome.com,"Bolton-Ouest, QC",https://regenerationcanada.org/en/paturages-du-lac-brome/,https://regenerationcanada.org/en/map/
Old 99 Farm,Beef; Poultry; Vegetables; Dairy; Fruit; Grains; Other / multiple categories,Workshops & trainings; Farm equipment sharing; Farm tour (for other farmers); Farm tour (for general public); Internship program; Wwoofing,"beef, pork, chicken, eggs, vegetables, berries, stone fruit, compost",,,old99farm2015@gmail.com,905 537 0163,https://old99farm.ca,"Dundas, ON",https://regenerationcanada.org/en/old-99-farm/,https://regenerationcanada.org/en/map/
Rubber Boot Farm,Beef; Poultry; Mixed farming,Pick-your-own; Farm tour (for general public),"Pork, Broilers, Eggs, Honey, Garlic, Herbs, Goats",,,rubberboot.farm@gmail.com,705-365-0770,https://facebook.com/RubberBootFarm,"Timmins, Ontario",https://regenerationcanada.org/en/rubber-boot-farm/,https://regenerationcanada.org/en/map/
Leaf & Lyre Urban Farms,Vegetables,Workshops & trainings; Farm tour (for other farmers); Farm tour (for general public); Volunteer program; Internship program; Wwoofing,"Kale, Sunchokes, Beets, Zucchini, Cabbage, Preserves, Radicchio",,,rod.olson@gmail.com,403-703-3217,https://leafandlyre.net,"Calgary, AB, CA",https://regenerationcanada.org/en/leaf-lyre-urban-farms/,https://regenerationcanada.org/en/map/
Horizon Hog Farm,Beef; Poultry,Soil testing,"Pork, Chicken, Eggs",,,horizonhogfarm@gmail.com,343-370-2598,https://www.horizonhogfarm.com,"Martintown, Ontario",https://regenerationcanada.org/en/horizon-hog-farm/,https://regenerationcanada.org/en/map/
Pépinière du bocage,Value-added products,Workshops & trainings,"Fruit trees, Edible shrubs, Nut trees, Native trees and shrubs",,,info@bocage.eco,4389881418,https://bocage.eco,"Frelighsburg, Québec",https://regenerationcanada.org/en/pepiniere-du-bocage/,https://regenerationcanada.org/en/map/
Vallée Des Prairies,Pork; Vegetables,Farm tour (for other farmers); Farm tour (for general public); Volunteer program; Farm dinners and events,"Vegetables, Buckwheat, Teff",,,bio@valleedesprairies.com,418-809-7763,https://www.valleedesprairies.com,"St-François-de-la-Rivière-du-Sud, Québec",https://regenerationcanada.org/en/vallee-des-prairies/,https://regenerationcanada.org/en/map/
Fishburn Ranch,Beef,Activities for kids; Pick-your-own; Farm tour (for other farmers); Farm tour (for general public),"Grass-finished beef, Pastured poultry, Seasonal garden produce, Saskatoon berries",,,casey@fishburnranch.com,403-627-9887,https://www.fishburnranch.com,"Pincher Creek, Alberta",https://regenerationcanada.org/en/fishburn-ranch/,https://regenerationcanada.org/en/map/
Ferme Clerjoye,Dairy,Farm tour (for other farmers); Internship program,Milk,,,,5142355516,,"St-Marc, Qc",https://regenerationcanada.org/en/ferme-clerjoye/,https://regenerationcanada.org/en/map/
Axten Farms,Pork; Lamb,Workshops & trainings; Farm tour (for other farmers); Farm tour (for general public); Internship program,"GRAINS:Winter peas, chickling vetch, fall rye, Spring Wheat Blend, Red fife, spelt, buckwheat, flax, mustard, Khorasan, desi chickpeas, einkorn, camelina, lentils WHOLE GRAIN FLOURS: Spring Wheat Blend, Spelt, Red Fife, Rye, Buckwheat, Chickpea, Khorasan, Einkorn",,,tannis@axtenfarms.ca,,https://www.axtenfarms.ca,"Minton, Saskatchewan",https://regenerationcanada.org/en/axten-farms-2/,https://regenerationcanada.org/en/map/
Ferme Rêveuse,Beef; Poultry,Farm tour (for other farmers); Farm tour (for general public),"milk, chicken, eggs, kombucha, sauerkraut",,,schneider@ferme-reveuse.ca,613-799-7990,https://ferme-reveuse.ca,"Curran, Ontario",https://regenerationcanada.org/en/ferme-reveuse/,https://regenerationcanada.org/en/map/
Benjamin Bridge,Seeds,Farm tour (for other farmers); Farm tour (for general public); Internship program,"wine, wine experiences, tours and tastings",,,wines@benjaminbridge.com,1-902-542-1560,https://benjaminbridge.com,"Gaspereau, Nova Scotia",https://regenerationcanada.org/en/benjamin-bridge/,https://regenerationcanada.org/en/map/
Capella Meadows,Beef; Pork; Vegetables; Dairy,Farm equipment sharing; Farm tour (for other farmers); Internship program,"Goat cheese, Goat Meat, Wheat Flour, Red Beets, Squash, Potatoes",,,mail@capellameadows.ca,,https://capellameadows.ca,"Brussels , Ontario",https://regenerationcanada.org/en/capella-meadows/,https://regenerationcanada.org/en/map/
Hillview,Beef; Poultry,Workshops & trainings; Farm tour (for other farmers); Farm tour (for general public),"Beef, poultry, eggs, chicken, turkey, rabbit",,,cory@vgmeats.ca,5194277778,https://vgmeats.ca,"Cayuga, ON",https://regenerationcanada.org/en/hillview/,https://regenerationcanada.org/en/map/
Borderland Agriculture,Beef; Pork; Lamb; Mixed farming; Other / multiple categories,Workshops & trainings; Farm tour (for other farmers); Farm tour (for general public); Internship program,"Bison Meat, Honey, Cover Crop Seed, Grass Finished Beef",,,whites@borderlandagriculture.com,,https://borderlandagriculture.com,"Pierson, Manitoba",https://regenerationcanada.org/en/borderland-agriculture/,https://regenerationcanada.org/en/map/
Nerbas Bros. Angus,Beef,,Beef,,,agnerbas@gmail.com,204-773-6800,https://www.nerbasbrosangus.com,"Shellmouth, Manitoba",https://regenerationcanada.org/en/nerbas-bros-angus/,https://regenerationcanada.org/en/map/
Hickory Hill Forest Farm,Beef,,Grass finished beef,,,cindyschnaithmann@gmail.com,9059121980,https://hickoryhillforestfarm.com,"FRANKFORD, ON",https://regenerationcanada.org/en/hickory-hill-forest-farm/,https://regenerationcanada.org/en/map/
Arch Lea Farm,Beef; Pork,Farm equipment sharing; Farm tour (for other farmers),"Grass-fed beef, Pastured chicken",,,archleafarm@gmail.com,,https://www.archleafarm.com/,"Cumberland, ON",https://regenerationcanada.org/en/arch-lea-farm/,https://regenerationcanada.org/en/map/
Coleman Meadows Farm,Beef; Dairy,,"Water Buffalo Cheese, Yogurt, Gelato and Meats",,,awpb@island.net,1(250)724-0876,https://www.facebook.com/colemanmeadowsfarm/,"Port Alberni, British Columbia",https://regenerationcanada.org/en/coleman-meadows-farm/,https://regenerationcanada.org/en/map/
Ferme Au Bon Vieux Temps,Beef; Poultry; Vegetables; Fruit,,"Veal, Chicken eggs, Duck eggs, Goose eggs, Chickens , Broilers, Lambs, Micro-greens, Diversified fruits and vegetables, Firewood, Sawn timber",,,panier.capsante@gmail.com,,https://facebook.com/panier.capsante,"Cap-Santé, Québec",https://regenerationcanada.org/en/ferme-au-bon-vieux-temps/,https://regenerationcanada.org/en/map/
Upland Organics,Pork; Lamb,Workshops & trainings; Farm tour (for other farmers); Farm tour (for general public),"Flax, Lentils, Durum, Sunflowers",,,allison@uplandorganics.ca,306-266-4646,https://uplandorganics.ca,"Wood Mountain, SK, CA",https://regenerationcanada.org/en/upland-organics/,https://regenerationcanada.org/en/map/
Farm One Forty,Beef; Pork; Lamb; Vegetables; Fruit; Grains; Mixed farming,Workshops & trainings; Activities for kids; Farm tour (for other farmers); Farm tour (for general public); Internship program; Farm dinners and events,"Grass fed beef, grass fed lamb, pasture raised pork, eggs, honey, vegetables, fruits, berries, grains, pulses, lambskins",,,info@farmoneforty.ca,306-381-8931,https://farmoneforty.ca,"Vanscoy, SK",https://regenerationcanada.org/en/farm-one-forty/,https://regenerationcanada.org/en/map/
Ferme Desrosiers,Pork,Farm tour (for other farmers),"organic soybeans, organic corn, organic winter wheat, organic spring wheat",,,info@dtalign.ca,613-443-3072,,"St-Albert, Ontario",https://regenerationcanada.org/en/ferme-desrosiers/,https://regenerationcanada.org/en/map/
Ferme Ridel,Pork; Lamb,Soil testing; Farm equipment sharing; Farm tour (for other farmers); Farm tour (for general public),"Corn, Soybean, Wheat",,,jf@ridel.com,450-210-0907,https://www.ridel.com,"Saint-Césaire, Québec",https://regenerationcanada.org/en/ferme-ridel/,https://regenerationcanada.org/en/map/
Domaine du Bocage,Fruit; Grains; Nuts; Honey & bee products; Mixed farming; Other / multiple categories,Farm tour (for other farmers); Farm tour (for general public); Workshops & trainings,"Jellies, Syrups, Coulis, Spreads, Vinaigrettes, Chocolates, Fruit leathers",,,domainedubocage@hotmail.com,418-826-0108,https://www.domainedubocage.org,"Saint-Ferréol-les-Neiges, Québec",https://regenerationcanada.org/en/domaine-du-bocage/,https://regenerationcanada.org/en/map/
Mon Panier Bio,Vegetables; Fruit,Workshops & trainings; Farm tour (for other farmers); Farm tour (for general public); Volunteer program; Internship program; Wwoofing,"Apple, Pear, Grape, Raspberry, Strawberry, Sea Buckthorn, Garlic, Asparagus, Eggplant, Beetroot, Broccoli, Bok choy, Swiss chard, Carrot, Celery, Mushroom, Cauliflower, Brussels sprouts, Green cabbage, Red cabbage, Chinese cabbage, Cucumber, Squash, Zucchini, Shallot, Fennel, Ginger, Beans, Kale, Spinach, Lettuce, Summer onion, Parsnip, Potato, Snap peas, Sweet pea, Leek, Pepper, Turnip, Radish, Melon radish, Black radish, Rutabaga, Tomato, Cherry tomato, Jerusalem artichoke",,,info@monpanierbio.com,450-889-8680,https://www.monpanierbio.com,"Saint-Félix-de-Valois, Québec",https://regenerationcanada.org/en/mon-panier-bio_/,https://regenerationcanada.org/en/map/
Tawse Family Vineyards,Beef; Poultry; Fruit; Seeds,Farm tour (for other farmers); Farm tour (for general public),"Wine, Eggs",,,info@tawsewinery.ca,9055629500,https://tawsewinery.ca,"Vineland, Ontario",https://regenerationcanada.org/en/tawse-family-vineyards/,https://regenerationcanada.org/en/map/
Signal ranch,Beef; Poultry; Grains; Honey & bee products; rpc14; Other / multiple categories,Workshops & trainings; Pick-your-own; Farm tour (for other farmers); Farm tour (for general public),"Beef, lamb, wool, wildflowers",,,sigurdur50@gmail.com,2043082338,,"Fisher branch , Mb",https://regenerationcanada.org/en/signal-ranch/,https://regenerationcanada.org/en/map/
Fleurs de Ferme,Honey & bee products,Workshops & trainings; Internship program; Wwoofing,"Specialty cut flowers, Bouquets, Wedding flowers, Events flowers, CSA bouquets subscription",,,fleursdeferme@gmail.com,450-521-8931,https://www.fleursdeferme.ca,"Sainte Christine, Québec",https://regenerationcanada.org/en/fleurs-de-ferme/,https://regenerationcanada.org/en/map/
Le bison des plaines,Beef; Pork; Lamb; Other / multiple categories,Farm tour (for other farmers); Farm tour (for general public),"Bison meat, live bison, hay, flax seed",,,cjsaquet@ymail.com,2048352302,,"Laurier, MB",https://regenerationcanada.org/en/le-bison-des-plaines/,https://regenerationcanada.org/en/map/
Earth Temple Gardens,Vegetables,Farm tour (for other farmers); Farm tour (for general public); Volunteer program; Farm dinners and events,"Lettuce heads, Carrots, Beets, Salad Greens, Culinary Herbs, Cabbages, Winter Storage Crops, Brussel Sprouts, Cucumbers, Radicchio, Peas and Beans, Leek and Onions",,,earthtemplegardens@gmail.com,250-366-4618,https://www.earthtemplegardens.ca,"Argenta, British Colombia",https://regenerationcanada.org/en/earth-temple-gardens/,https://regenerationcanada.org/en/map/
Cicada Seeds,Value-added products; Other / multiple categories,Workshops & trainings,"Perennial vegetable seeds, seeds, flower seeds, herb seeds, plant starts",,,cicadaseeds@gmail.com,,https://cicadaseeds.ca,"Errington, British Columbia",https://regenerationcanada.org/en/cicada-seeds/,https://regenerationcanada.org/en/map/
Heidi’s Peak Estate Vineyard Limited,Seeds,Farm equipment sharing; Farm tour (for other farmers); Volunteer program,Wine grapes,,,heidichristine@outlook.com,5198818372,https://www.heidisvineyard.com,"Okanagan Falls, BC",https://regenerationcanada.org/en/heidis-peak-estate-vineyard-limited/,https://regenerationcanada.org/en/map/
Hodgins Farm,Beef; Poultry; Mixed farming; Other / multiple categories,Farm tour (for other farmers); Farm tour (for general public); Volunteer program,"Grass Fed Beef, Pastured Pork, Natural Lamb, Pastured Chicken, Pastured Turkey, Natural Raw Honey, Free Range Eggs",,,hodgins_lisa@hotmail.com,204-838-2285,https://www.hodginsfarm.com/,"Lenore, Manitoba",https://regenerationcanada.org/en/hodgins-farm/,https://regenerationcanada.org/en/map/
Agua Dulce Farm,Poultry; Vegetables; Fruit; Grains; Nuts; Honey & bee products; Value-added products; Mixed farming; rpc14,Workshops & trainings; Farm tour (for other farmers); Volunteer program; Wwoofing,"market vegetables, herbs, eggs, berries, orchard fruit, alpaca fibre",,,aguadulcefarm@gmail.com,+1 2508888788,,"Victoria, BC",https://regenerationcanada.org/en/agua-dulce-farm/,https://regenerationcanada.org/en/map/
Mans Organics,Vegetables,,"Onions, Shallots, Garlic, Winter Squash, Watermelons, Cantaloupe, Honeydew, Rhubarb, Tomatoes, Peppers, Cucumbers, Eggplant, Ginger, Turmeric",,,mail@mansorganics.ca,,https://mansorganics.ca,"Coaldale, Alberta",https://regenerationcanada.org/en/mans-organics/,https://regenerationcanada.org/en/map/
Nature\'s Apprentice Farm,Poultry; Vegetables; Honey & bee products,Pick-your-own; Farm tour (for other farmers); Farm tour (for general public),"Salad greens, Root vegetables, Summer fruits, Herbs, Garlic, Ginger, U-pick flowers, Eggs",,,naturesapprenticefarm@gmail.com,613-255-5509,https://naturesapprenticefarm.ca,"Pakenham, Ontario",https://regenerationcanada.org/en/natures-apprentice-farm/,https://regenerationcanada.org/en/map/
Hansen Beef,Beef; Pork; Lamb; Other / multiple categories,,Beef/ pork,,,colbyuphill@hotmail.ca,7803072574,https://facebook.com/hansenbeef,"Tawatinaw , Ab",https://regenerationcanada.org/en/colby-hansen/,https://regenerationcanada.org/en/map/
Organics Farm,Fruit; Grains,Pick-your-own,"Strawberries, Apples",,,info@organicsfarm.ca,905-640-5206,https://www.organicsfarm.ca,"Markham, Ontario",https://regenerationcanada.org/en/organics-farm/,https://regenerationcanada.org/en/map/
Hjertaas Farm,Beef,Farm tour (for other farmers); Farm tour (for general public); Farm dinners and events,"Beef, Chicken, Lamb",,,hjertaas1@icloud.com,306-840-7223,,"Redvers, Saskatchewan",https://regenerationcanada.org/en/hjertaas-farm/,https://regenerationcanada.org/en/map/
Deer Meadow Farmacy,Beef; Poultry; Fruit; Grains; Nuts; Other / multiple categories,Activities for kids; Pick-your-own; Farm tour (for other farmers); Farm tour (for general public); Volunteer program; Wwoofing; Employment opportunities,"Pasture-raised beef and lamb, Pasture-raised broiler chickens and eggs, Forest-raised pork, Snack sticks with immunity boosting medicinal mushroom extracts, Regeneratively grown fruit and nuts, Pet treats, Log-grown mushrooms",,,farmfamily@deermeadowfarmacy.com,(204) 851-5459,https://deermeadowfarmacy.com,"Oak Lake, Manitoba",https://regenerationcanada.org/en/deer-meadow-farmacy/,https://regenerationcanada.org/en/map/
Whole Village Property Co-operative,Beef; Poultry; Vegetables; Grains; Value-added products; Mixed farming,Workshops & trainings; Activities for kids; Farm tour (for other farmers); Farm tour (for general public); Volunteer program; Internship program,"Beef, Strawberries, Vegetables, Honey, Maple syrup, Eggs",,,info@wholevillage.org,519-942-4010,https://www.wholevillage.org,"Caledon, Ontario",https://regenerationcanada.org/en/whole-village-property-cooperative/,https://regenerationcanada.org/en/map/
Solar Nutrition,Beef; Poultry; Vegetables; Other / multiple categories,Pick-your-own; Farm tour (for other farmers); Farm tour (for general public),"Grass Fed Beef, Tallow Soy Candles, Tallow Lotion, Eggs, Dog Treats",,,Solar.Nutrition.Info@gmail.com,204-740-0376,https://solar-nutrition.localline.ca/shop,"Brandon, Manitoba",https://regenerationcanada.org/en/solar-nutrition/,https://regenerationcanada.org/en/map/
Vignoble de la Bauge,Seeds,Workshops & trainings; Farm tour (for general public),Vins,,,vignoble.labauge@gmail.com,450-525-2149,https://labauge.com,"Brigham, Québec",https://regenerationcanada.org/en/vignoble-de-la-bauge/,https://regenerationcanada.org/en/map/
Rose Hill Orchard,Vegetables; Fruit; Grains,Workshops & trainings; Activities for kids; Pick-your-own; Farm tour (for other farmers); Farm tour (for general public); Farm dinners and events,"Cherry, apple, peach, plum, strawberry, haskap, grape",,,,4167702835,https://Www.rosehillorchard.com,"Lake Country, BC",https://regenerationcanada.org/en/rose-hill-orchard/,https://regenerationcanada.org/en/map/
Four Goats Farm,Beef,,"Certified organic pastured chicken, Pastured pork, Grass fed goat",,,fourgoatsfarm@gmail.com,647-859-8997,https://fourgoatsfarm.com,"Delta, Ontario",https://regenerationcanada.org/en/four-goats-farm/,https://regenerationcanada.org/en/map/
Moondance Organic Gardens,Poultry; Vegetables; Honey & bee products; Value-added products; Mixed farming; Other / multiple categories,Workshops & trainings; Activities for kids; Farm tour (for other farmers); Farm tour (for general public); Volunteer program; Internship program; Wwoofing,"eggs, vegetables, flowers, seedlings and nursery plants, compost, honey & syrups",,,mogfarm@gmail.com,17057198705,https://moondanceorganics.ca,"Angus, Ontario",https://regenerationcanada.org/en/moondance-organic-gardens/,https://regenerationcanada.org/en/map/
Aliksir,Other / multiple categories,Workshops & trainings; Farm tour (for general public),Essential oils and derived products,,,lucie.mainguy@aliksir.com,(418)268-3406,https://aliksir.com,"Grondines, QC",https://regenerationcanada.org/en/aliksir/,https://regenerationcanada.org/en/map/
Ferme Florale Libella Inc.,Honey & bee products,Farm tour (for other farmers); Farm tour (for general public); Farm dinners and events,"Cut flowers, Edible flowers, Floral arrangements",,,charleneaudreychou@gmail.com,819-560-1894,https://fermefloralelibella.com,"Bury, Quebec",https://regenerationcanada.org/en/ferme-florale-libella-inc/,https://regenerationcanada.org/en/map/
Grip-Fast Farms,Beef,Farm equipment sharing; Farm tour (for other farmers); Farm tour (for general public); Internship program,"Grass Finished Beef, Grass Finished Goat.",,,gripfastfarm@gmail.com,204-773-6237,https://gripfastfarms.eatfromfarms.com,"Binscarth, MB",https://regenerationcanada.org/en/grip-fast-farms/,https://regenerationcanada.org/en/map/
Coopérative Ferme Terre Partagée,Beef; Poultry; Pork; Vegetables; Grains,Workshops & trainings; Wwoofing; Farm dinners and events; Employment opportunities,"Vegetables, Strawberries, Eggs, Chicken, Turkey, Lamb, Pork, Beef",,,info@ftpcoop.com,506 251 8246,https://fermeterrepartagee.org,"Rogersville, New Brunswick",https://regenerationcanada.org/en/cooperative-ferme-terre-partagee/,https://regenerationcanada.org/en/map/
Local Valley Beef,Beef,Workshops & trainings; Activities for kids; Soil testing; Farm equipment sharing; Farm tour (for other farmers); Farm tour (for general public),"Grass-fed beef, Free-range chicken",,,,506-260-0872,https://www.localvalleybeef.ca,"Long Settlement, New Brunswick",https://regenerationcanada.org/en/local-valley-beef/,https://regenerationcanada.org/en/map/
Jenovic Farms,Beef; Pork,,Lambs,,,ludsfarms@hotmail.com,306-572-9055,,"Vankleek Hill, Ontario",https://regenerationcanada.org/en/jenovic-farms/,https://regenerationcanada.org/en/map/
Kettle Ridge Organics,Pork,,"Organic Wheat, Organic Malt Barley, Organic Barley, Organic Peas, Organic Mustard, Organic Rye, Organic Oats, Organic Faba Beans",,,chris@kettleridgeorganics.ca,403-396-1794,https://www.kettleridgeorganics.ca,"Alix, Alberta",https://regenerationcanada.org/en/kettle-ridge-organics/,https://regenerationcanada.org/en/map/
Just Food Community Farm,Poultry; Vegetables; Fruit; Grains; Nuts; Honey & bee products; Value-added products; Mixed farming; Other / multiple categories,Workshops & trainings; Activities for kids; Farm equipment sharing; Farm tour (for other farmers); Farm tour (for general public); Volunteer program; Internship program; Farm dinners and events; Employment opportunities,,,,info@justfood.ca,613-824-7771,https://justfood.ca,"Gloucester, Ontario",https://regenerationcanada.org/en/just-food-community-farm/,https://regenerationcanada.org/en/map/
South Glanton Farms,Beef; Pork; Lamb,Farm tour (for other farmers); Farm tour (for general public); Internship program,"Grass fed beef, Pasture raised pork, Small Grains, Hairy Vetch Seed, Forage pea seed, Forrage-fed cattle and bred cows",,,rboydy@yahoo.ca,2047247019,https://www.southglantonfarms.com,"Forrest, Manitoba",https://regenerationcanada.org/en/south-glanton-farms/,https://regenerationcanada.org/en/map/
Covert Farms Family Estate,Beef; Poultry; Vegetables; Fruit; Grains; Seeds,Workshops & trainings; Activities for kids; Farm equipment sharing; Pick-your-own; Farm tour (for other farmers); Farm tour (for general public),"Wine, Poultry, Eggs, Fruit, Vegetables, Berries",,,info@covertfarms.ca,250-498-9463,https://www.covertfarms.ca,"Oliver, British Columbia",https://regenerationcanada.org/en/covert-farms-family-estate_/,https://regenerationcanada.org/en/map/
Steel Pony Farm,Vegetables,Activities for kids; Farm tour (for other farmers); Farm tour (for general public); Volunteer program; Internship program,"Arugula, Beets, Broccoli, Cabbage, Celery, Celeriac, Cilantro, Collard Greens, Dill, Fennel, Garlic, Garlic Scapes, Kale, Kohlrabi, Lettuce, Mint, Onions, Parsley, Potatoes, Pumpkin, Radish, Rosemary, Sage, Spinach, Squash, Swiss Chard, Thyme, Turnip, Zucchini",,,mike@steelpony.ca,403-506-3624,https://www.steelpony.ca,"Red Deer County, AB",https://regenerationcanada.org/en/steel-pony-farm/,https://regenerationcanada.org/en/map/
First Nature Farms,Beef; Poultry; Vegetables; Dairy; Mixed farming; Other / multiple categories,Workshops & trainings; Activities for kids; Farm equipment sharing; Farm tour (for other farmers); Farm tour (for general public); Volunteer program; Internship program; Wwoofing,"beef, chicken, turkeys, pork, bison, vegetables",,,jerrykitt@gmail.com,780 356-2239,https://firstnaturefarms.ab.ca,"Goodfare, AB",https://regenerationcanada.org/en/first-nature-farms/,https://regenerationcanada.org/en/map/
Sperling Vineyards,Fruit; Seeds,Farm tour (for other farmers); Farm tour (for general public),"Fresh Coronation grapes, Wine tastings, Estate-grown wines",,,info@sperlingvineyards.com,778-478-0260,https://www.sperlingvineyards.com,"Kelowna, British Columbia",https://regenerationcanada.org/en/sperling-vineyards/,https://regenerationcanada.org/en/map/
Sharon Creek Farm,Poultry; Vegetables; Fruit; Grains; Honey & bee products; Mixed farming; rpc14,Farm tour (for other farmers); Farm tour (for general public); Volunteer program,"Haskap, Black raspberry, Gooseberries, Black currants, Goji berries, Sea buckthorn, Apples, Pears, Plumcots, Asian pears, Chicken eggs, Duck eggs, Quail eggs, Flowers, Asian greens, Garlic, Cucumbers, Beans, Squash, Honey, Wool, Wool products",,,info@sharoncreekfarm.ca,905-758-7856,https://www.sharoncreekfarm.ca,"East Gwillimbury, Ontario",https://regenerationcanada.org/en/sharon-creek-farm/,https://regenerationcanada.org/en/map/
Persephone Garden Market,Beef; Vegetables; Honey & bee products,Workshops & trainings; Soil testing; Pick-your-own; Internship program; Wwoofing,"Lamb, Duck, Geese, Eggs, Vegetables",,,kristine@persephonedays.ca,519-935-3005,https://www.persephonemarketgarden.ca/,"Allenford, ON",https://regenerationcanada.org/en/persephone-market-garden/,https://regenerationcanada.org/en/map/
Backwoods Buffalo Ranch,Beef; Poultry; Vegetables,Activities for kids; Farm tour (for other farmers); Farm tour (for general public); Wwoofing,"Grass Finished Lamb, Pastured Bison, Pastured Pork, Pastured Chicken, Pastured Turkey, Free-Range Eggs, Vegetables",,,backwoodsbuffaloranch@gmail.com,780-305-8449,https://www.backwoodsbuffalo.com,"Mayerthorpe, Alberta",https://regenerationcanada.org/en/backwoods-buffalo-ranch/,https://regenerationcanada.org/en/map/
Vignoble Pigeon Hill,Seeds,,Wine,,,rousseaushufelt@hotmail.com,450-248-2531,https://vignoblepigeonhill.com,"St-Armand, QC",https://regenerationcanada.org/en/vignoble-pigeon-hill/,https://regenerationcanada.org/en/map/
Écoboeuf,Beef,Farm tour (for other farmers),Beef,,,ecoboeuf@gmail.com,418-806-9171,https://www.ecoboeuf.com,"Dupuy, Québec",https://regenerationcanada.org/en/ecoboeuf/,https://regenerationcanada.org/en/map/
Future Spell Farm Specialty Herbs,Other / multiple categories,,Certified Organic Herbs,,,connect@futurespell.com,,https://futurespellfarm.com,"Mono, ON",https://regenerationcanada.org/en/future-spell-farm-specialty-herbs/,https://regenerationcanada.org/en/map/
Cedar Creek Estate Winery,Seeds,Farm tour (for general public),Wine,,,ksimcic@sebastianfarms.ca,778-738-1020,https://cedarcreek.bc.ca,"Kelowna, BC",https://regenerationcanada.org/en/cedar-creek-estate-winery/,https://regenerationcanada.org/en/map/
CRB Farms Ltd,Poultry; Pork; Lamb; Vegetables,Workshops & trainings; Activities for kids; Farm equipment sharing; Farm tour (for other farmers); Farm tour (for general public),"Wheat, barley, peas, mustard, canola, oats, rye, clover, perennial rye grass,",,,cbeaudry@sasktel.net,3068748194,,"Rose Valley, Saskatchewan",https://regenerationcanada.org/en/crb-farms-ltd/,https://regenerationcanada.org/en/map/
Yourco Ltd,Other / multiple categories,Workshops & trainings,Sprouted Whole Grain Flours,,,Ron.Bokenfohr@live.ca,7809191525,https://Regenerativegrain.com,"Sturgeon County, AB",https://regenerationcanada.org/en/yourco-ltd/,https://regenerationcanada.org/en/map/
Ferme Rustique,Beef; Poultry; Pork; Vegetables; Fruit; Other / multiple categories,Activities for kids; Pick-your-own; Farm tour (for other farmers); Farm tour (for general public); Internship program,"Producers of grass-fed beef, old-fashioned pigs, free-range chicken, eggs, small fruits, vegetables, forage crops.",,,fermerustique@hotmail.com,4189300390,https://fermerustique.com,"Sainte-Croix, Québec",https://regenerationcanada.org/en/ferme-rustique/,https://regenerationcanada.org/en/map/
,,,,,,,,,,,
