entity_name,location,address,phone,email,website,profile_url,category_names_str,service_names_str,source_url
Solar Nutrition,"Brandon, Manitoba","Group 315 Box 12 RR3 , Brandon, Manitoba, R7A 5Y3",204-740-0376,Solar.Nutrition.Info@gmail.com,solar-nutrition.localline.ca/shop,https://regenerationcanada.org/en/solar-nutrition/,,,https://regenerationcanada.org/en/map/
Hansen Beef,"Tawatinaw , Ab","Box 55, Tawatinaw , Ab, T0g2e0",7803072574,colbyuphill@hotmail.ca,facebook.com/hansenbeef,https://regenerationcanada.org/en/colby-hansen/,,,https://regenerationcanada.org/en/map/
3x Bar Land & Cattle co.,"Goodfare, Alberta","Box 35 Site 6, Goodfare, Alberta, T0H 2C0",780-933-9272,3xbarranch@gmail.com,www.3xbarlandandcattle.com,https://regenerationcanada.org/en/3x-bar-ranch/,,,https://regenerationcanada.org/en/map/
Coleman Meadows Farm,"Port Alberni, British Columbia","6670 Coleman Road,, Port Alberni, British Columbia, V9Y 8Y9",1(250)724-0876,awpb@island.net,www.facebook.com/colemanmeadowsfarm/,https://regenerationcanada.org/en/coleman-meadows-farm/,,,https://regenerationcanada.org/en/map/
À l\'Herbe! Bouvillons de pâturage,"Pont-Rouge, Québec","701 Chemin du Bois de l\'Ail, Pont-Rouge, Québec, G3H 2G8",418-285-7784,info@alherbe.ca,www.alherbe.ca,https://regenerationcanada.org/en/a-lherbe/,,,https://regenerationcanada.org/en/map/
Pépinière du bocage,"Frelighsburg, Québec","33 chemin de Dunham, Frelighsburg, Québec, J0J1C0",4389881418,info@bocage.eco,bocage.eco,https://regenerationcanada.org/en/pepiniere-du-bocage/,,,https://regenerationcanada.org/en/map/
Springfield Farm,"Apple Hill, Ontario","18709 CR 25, Apple Hill, Ontario, K0C 1B0",6135280083,springfieldfarmorganics@gmail.com,springfieldfarmorganics.ca,https://regenerationcanada.org/en/springfield-farm-2/,,,https://regenerationcanada.org/en/map/
Pâturages du Lac Brome,"Bolton-Ouest, QC","318 ch. Brill, Bolton-Ouest, QC, J0E 2T0",5142624421,emilie1080@gmail.com,www.paturagesdulacbrome.com,https://regenerationcanada.org/en/paturages-du-lac-brome/,,,https://regenerationcanada.org/en/map/
Les Jardins Collaboratifs du Moutonblon,"Saint-Charles-sur-Richelieu, Québec","12 chemin des Patriotes, Saint-Charles-sur-Richelieu, Québec, J0H 2G0",514-377-9148,olivier@jardinsmoutonblon.ca,jardinsmoutonblon.ca,https://regenerationcanada.org/en/les-jardins-collaboratifs-du-moutonblon/,,,https://regenerationcanada.org/en/map/
What the Hill Farm,"Kakabeka Falls, ON","6260 Hwy 11 & 17, Kakabeka Falls, ON, P0T 1W0",8076306779,info@whatthehillfarm.ca,whatthehillfarm.ca,https://regenerationcanada.org/en/what-the-hill-farm/,,,https://regenerationcanada.org/en/map/
Cicada Seeds,"Errington, British Columbia","1671 McKibben Road, Errington, British Columbia, V0R 1V0",,cicadaseeds@gmail.com,cicadaseeds.ca,https://regenerationcanada.org/en/cicada-seeds/,,,https://regenerationcanada.org/en/map/
Le Verger Labonté,"Notre-Dame-De-L\'île-Perrot, QC","2291 Boul Perrot, Notre-Dame-De-L\'île-Perrot, QC, J7V 8P4",5149837379,nathalie.gervais@vergerlabonte.com,vergerlabonte.com,https://regenerationcanada.org/en/le-verger-labonte/,,,https://regenerationcanada.org/en/map/
Waskwey Creek,"Vegreville, Alberta","Box 339, Vegreville, Alberta, T9C 1R3",(780)632-9746,terryosko@circletconsulting.ca,,https://regenerationcanada.org/en/waskwei-creek/,,,https://regenerationcanada.org/en/map/
The Dogs Run Farm,"Clearwater, Manitoba","PO Box 52, Clearwater, Manitoba, R0K0M0",2048732025,hello@thedogsrunfarm.com,thedogsrunfarm.com,https://regenerationcanada.org/en/the-dogs-run-farm/,,,https://regenerationcanada.org/en/map/
Forrest Farm Sheep &amp; Goat Cheese Creamery,"Salmo, BC","1244 Airport Rd, Salmo, BC, V0G 1Z0",250-777-1186,,forrestfarmsalmo.com,https://regenerationcanada.org/en/forrest-farm-sheep-amp-goat-cheese-creamery/,,,https://regenerationcanada.org/en/map/
Fishburn Ranch,"Pincher Creek, Alberta","Box 2622, Pincher Creek, Alberta, T0K1W0",403-627-9887 ,casey@fishburnranch.com,www.fishburnranch.com,https://regenerationcanada.org/en/fishburn-ranch/,,,https://regenerationcanada.org/en/map/
Les jardins de l\'écoumène,"St-Damien, QC","2855 chemin de l\'écoumène, St-Damien, QC, J0K 2E0",14508982855,guylaine@ecoumene.com,ecoumene.com,https://regenerationcanada.org/en/les-jardins-de-lecoumene-inc/,,,https://regenerationcanada.org/en/map/
Axten Farms,"Minton, Saskatchewan","Box 181, Minton, Saskatchewan, S0C 1T0",,tannis@axtenfarms.ca,www.axtenfarms.ca,https://regenerationcanada.org/en/axten-farms-2/,,,https://regenerationcanada.org/en/map/
Field Good Farms / La ferme j\'me champ bien,"Cache Bay, Ontario","1345 Levac Road, Cache Bay, Ontario, P0H 1G0",7059781664,info@fieldgoodfarms.ca,fieldgoodfarms.ca,https://regenerationcanada.org/en/field-good-farms-la-ferme-jme-champ-bien/,,,https://regenerationcanada.org/en/map/
Peony Farms,"Lacombe, Alberta","421020 Range Road 280, Ponoka County, Alberta, T4L 2N3",,,peonyfarms.com,https://regenerationcanada.org/en/peony-farms-2/,,,https://regenerationcanada.org/en/map/
Hayfield Farm,"Saint-Armand, Québec","377 chemin Dutch, Saint-Armand, Québec, J0J 1T0",,,hayfieldfarm.ca,https://regenerationcanada.org/en/hayfield-farm/,,,https://regenerationcanada.org/en/map/
Les Bontés de la Vallée,"Havelock, Québec","300 Rang St-Charles, Havelock, Québec, J0S 2C0",438-883-2401,info@lesbontes.org,www.lesbontes.org,https://regenerationcanada.org/en/les-bontes-de-la-vallee/,,,https://regenerationcanada.org/en/map/
Domaine du Bocage,"Saint-Ferréol-les-Neiges, Québec","363 Rang Saint-Nicolas, Saint-Ferréol-Les-Neiges, Québec, G0A 3R0",418-826-0108,domainedubocage@hotmail.com,www.domainedubocage.org,https://regenerationcanada.org/en/domaine-du-bocage/,,,https://regenerationcanada.org/en/map/
CRB Farms Ltd,"Rose Valley, Saskatchewan","RR#1, Rose Valley, Saskatchewan, S0E1M0",3068748194,cbeaudry@sasktel.net,,https://regenerationcanada.org/en/crb-farms-ltd/,,,https://regenerationcanada.org/en/map/
Wilderland Botanicals,"Whitehorse, Yukon","53A Linville Road, 10495, Whitehorse, Yukon, Y1A 7A1",867-993-3698,info@wilderlandbotanicals.com,wilderlandbotanicals.com,https://regenerationcanada.org/en/wilderland-botanicals/,,,https://regenerationcanada.org/en/map/
La Ferme Végétale,"labrecque, Quebec","4700 9e rang ouest, labrecque, Quebec, G0W 1Y0",4186906001,lafermevegetale@hotmail.com,lafermevegetale.ca,https://regenerationcanada.org/en/la-ferme-vegetale/,,,https://regenerationcanada.org/en/map/
Stony Hill Farm,"Oakbank, Manitoba","26042 Hillside Road, Oakbank, Manitoba, R5N 0G6",204-296-6265,brenda@sustainablegrain.ca,stonyhillfarm.ca,https://regenerationcanada.org/en/stony-hill-farm/,,,https://regenerationcanada.org/en/map/
Juniper,"Wakefield, quebec","375 Shouldice Rd, Wakefield, quebec, J0X 3G0",819-459-1630,info@juniperfarm.ca,juniperfarm.ca,https://regenerationcanada.org/en/juniper/,,,https://regenerationcanada.org/en/map/
Kettle Ridge Organics,"Alix, Alberta","Box 670, Alix, Alberta, T0C 0B0",403-396-1794,chris@kettleridgeorganics.ca,www.kettleridgeorganics.ca,https://regenerationcanada.org/en/kettle-ridge-organics/,,,https://regenerationcanada.org/en/map/
Scorched Earth Vineyard & Winery,"Kelowna, British Columbia","6007 Lakeshore Rd, Kelowna, British Columbia, V1W 4J5",250-717-7994,info@scorchedearthwinery.ca,www.scorchedearthwinery.ca,https://regenerationcanada.org/en/scorched-earth-vineyard-winery/,,,https://regenerationcanada.org/en/map/
Howpark Farms,"Brandon, Manitoba","R.R. #4 Box 25, Brandon, Manitoba, R7A 5Y4",204-725-1006,info@howpark.ca,www.howpark.ca,https://regenerationcanada.org/en/howpark-farms/,,,https://regenerationcanada.org/en/map/
Boule Creek Farms,"Admiral, Saskatchewan","Box 43, Admiral, Saskatchewan, S0N 0B0",,farmerleyen@gmail.com,,https://regenerationcanada.org/en/boule-creek-farms/,,,https://regenerationcanada.org/en/map/
Rustik Bison,"Saint-Herménégilde, Quebec / Québec","1248 Chemin Caron, Saint-Herménégilde, Québec, J0B 2W0",8193497023,anoukcaron@rustikbison.ca,rustikbison.com,https://regenerationcanada.org/en/rustik-bison/,,,https://regenerationcanada.org/en/map/
Morgan Creek Farm,"Nanaimo, British Columbia","2377 East Wellington Rd, Nanaimo, British Columbia, V9R 6V7",250-616-9787,aaron-grant@shaw.ca,fb.com/Morgan-Creek-Farm-277538379293864/,https://regenerationcanada.org/en/morgan-creek-farm/,,,https://regenerationcanada.org/en/map/
Vignoble de la Bauge,"Brigham, Québec","155, des Érables, Brigham, Québec, J2K 4E1",450-525-2149,vignoble.labauge@gmail.com,labauge.com,https://regenerationcanada.org/en/vignoble-de-la-bauge/,,,https://regenerationcanada.org/en/map/
Little Fields Farm,"Bright, Ontario","867207 Township Road 10, Bright, Ontario, N0J1B0",226-927-4440,claire@littlefields.farm,www.littlefields.farm,https://regenerationcanada.org/en/little-fields-farm/,,,https://regenerationcanada.org/en/map/
Southbrook Vineyards,"Niagara on the Lake, Ontario","581 Niagara Stone Road, Niagara on the Lake, Ontario, L0S 1J0",905-380-9095,info@southbrook.com,www.southbrook.com,https://regenerationcanada.org/en/southbrook-vineyard/,,,https://regenerationcanada.org/en/map/
Riverdale Farm & Forest Inc.,"Inglewood, ON, CA","15707 McLaughlin Rd, Inglewood, Ontario, L7C 1N2, Canada",905-588-0085,,riverdalefarmandforest.ca,https://regenerationcanada.org/en/riverdale-farm-forest-inc/,,,https://regenerationcanada.org/en/map/
Tawse Family Vineyards,"Vineland, Ontario","3955 Cherry Ave, Vineland, Ontario, L0R 2C0",9055629500,info@tawsewinery.ca,tawsewinery.ca,https://regenerationcanada.org/en/tawse-family-vineyards/,,,https://regenerationcanada.org/en/map/
Red Roof Farm,"Creemore, ON","2616 Fairgrounds Road South, Creemore, ON, L0M 1G0",4164584701,branigan.monica@gmail.com,,https://regenerationcanada.org/en/red-roof-farm/,,,https://regenerationcanada.org/en/map/
Ferme Desrosiers,"St-Albert, Ontario","1976 Route 600 West, St-Albert, Ontario, K0A 3C0",613-443-3072,info@dtalign.ca,,https://regenerationcanada.org/en/ferme-desrosiers/,,,https://regenerationcanada.org/en/map/
Heartwood Farm & Cidery,"Acton, Ontario","5438 2nd Line Erin, Acton, Ontario, L7J 2L9",416-527-4432,info@heartwoodfarm.ca,www.heartwoodfarm.ca,https://regenerationcanada.org/en/heartwood-farm-cidery/,,,https://regenerationcanada.org/en/map/
Millefolia - Ferme Biologique,"Sainte-Ursule, Québec","3170 rang Fontarabie, Sainte-Ursule, Québec, J0K3M0",,info@terramillefolia.com,terramillefolia.com,https://regenerationcanada.org/en/ferme-terra-millefolia/,,,https://regenerationcanada.org/en/map/
Icellars Estate Winery,"Niagara-on-the-Lake, Ontario","615 Concession 5 Rd, Niagara-on-the-Lake, Ontario, L0S1J0",2894795969,info@icellars.ca,icellars.ca,https://regenerationcanada.org/en/icellars-estate-winery/,,,https://regenerationcanada.org/en/map/
Ferme Au Bon Vieux Temps,"Cap-Santé, Québec","112 rue Gauthier, Cap-Santé, Québec, G0A1L0",,panier.capsante@gmail.com,facebook.com/panier.capsante,https://regenerationcanada.org/en/ferme-au-bon-vieux-temps/,,,https://regenerationcanada.org/en/map/
Rubber Boot Farm,"Timmins, Ontario","209 Jaguar Drive, Timmins, Ontario, P4R 0G9",705-365-0770,rubberboot.farm@gmail.com,facebook.com/RubberBootFarm,https://regenerationcanada.org/en/rubber-boot-farm/,,,https://regenerationcanada.org/en/map/
Barnyard Organics Ltd,"Freetown, PEI","1934 North Freetown Road, Freetown, PEI, C0B1M0",902-887-3188,info@barnyardorganics.com,barnyardorganics.com,https://regenerationcanada.org/en/barnyard-organics-ltd/,,,https://regenerationcanada.org/en/map/
Just Food Community Farm,"Gloucester, Ontario","2391 Pepin Court, Gloucester, Ontario, K1B 4Z3",613-824-7771,info@justfood.ca,justfood.ca,https://regenerationcanada.org/en/just-food-community-farm/,,,https://regenerationcanada.org/en/map/
Snowy Mountain Farm,"Cawston, British Columbia","1050 Chopaka Road, Cawston, BC, V0X1C3",2504992115,snowymountainfarm@gmail.com,snowymountainfarm.com,https://regenerationcanada.org/en/snowy-mountain-farm/,,,https://regenerationcanada.org/en/map/
Clearview Farms Inc,"Radville, Saskatchewan","Box 854, Radville, Saskatchewan, S0C2G0",306-869-7136,cr.galarneau@sasktel.net,,https://regenerationcanada.org/en/clearview-farms-inc/,,,https://regenerationcanada.org/en/map/
Mans Organics,"Coaldale, Alberta","102040 Range Road 200, Coaldale, Alberta, T1M 1M7",,mail@mansorganics.ca,mansorganics.ca,https://regenerationcanada.org/en/mans-organics/,,,https://regenerationcanada.org/en/map/
Ravenwood Farm,"Groundbirch, BC","Box 181, Groundbirch, BC, V0C 1T0",7886919905,ravenwoodfarmbc@xplornet.ca,ravenwoodfarm.ca,https://regenerationcanada.org/en/ravenwood-farm/,,,https://regenerationcanada.org/en/map/
Grassroots Farm,"Rupert, Québec","700 Chemin des Érables, Rupert, Québec, J0X 1A0",613-315-9280,,Grassrootsfarm.ca,https://regenerationcanada.org/en/grassroots-farm/,,,https://regenerationcanada.org/en/map/
Grip-Fast Farms,"Binscarth, MB","Box 101, Binscarth, MB, R0J 0G0",204-773-6237,gripfastfarm@gmail.com,gripfastfarms.eatfromfarms.com,https://regenerationcanada.org/en/grip-fast-farms/,,,https://regenerationcanada.org/en/map/
Lost Savanna Farm,"Black Creek, BC","7521 Sturgess Rd., Black Creek, BC, V9J 1G7",250-202-2729,lostsavannafarm@gmail.com,lostsavannafarm.com,https://regenerationcanada.org/en/lost-savanna-farm/,,,https://regenerationcanada.org/en/map/
Nature\'s Apprentice Farm,"Pakenham, Ontario","112 Lynx Hollow Rd, Pakenham, Ontario, K0A2X0",613-255-5509,naturesapprenticefarm@gmail.com,naturesapprenticefarm.ca,https://regenerationcanada.org/en/natures-apprentice-farm/,,,https://regenerationcanada.org/en/map/
Cold Springs Organics,"Campbellcroft, Ontario","8869 Spruce Grove Road, Campbellcroft, Ontario, L0A1B0",4162099196,coldspringsorganics@gmail.com,coldspringsorganics.com,https://regenerationcanada.org/en/cold-springs-organics/,,,https://regenerationcanada.org/en/map/
St. Brigid\'s Creamery Ltd.,"Brussels, Ontario","42352 Brandon Rd., Brussels, Ontario, N0G 1H0",,info@stbrigidscreamery.ca,stbrigidscreamery.ca,https://regenerationcanada.org/en/st-brigids-creamery-ltd/,,,https://regenerationcanada.org/en/map/
Tru Pure Farms,"ST. Catharines, ON","1379 President CT, ST. Catharines, ON, L2R6P9",905-641-8133,info@stangls.com,,https://regenerationcanada.org/en/tru-pure-farms/,,,https://regenerationcanada.org/en/map/
First Nature Farms,"Goodfare, AB","Box 123, Goodfare, AB, T0H1T0",780 356-2239,jerrykitt@gmail.com,firstnaturefarms.ab.ca,https://regenerationcanada.org/en/first-nature-farms/,,,https://regenerationcanada.org/en/map/
Leaf & Lyre Urban Farms,"Calgary, AB, CA","4607 81 St NW, Calgary, Alberta, T3B 2P5, Canada",403-703-3217,rod.olson@gmail.com,leafandlyre.net,https://regenerationcanada.org/en/leaf-lyre-urban-farms/,,,https://regenerationcanada.org/en/map/
Rosengren Farms,"Midale, Saskatchewan","Box 540, Midale, Saskatchewan, S0C 1S0",306-458-7792,colin@rosengrenfarms.com,,https://regenerationcanada.org/en/rosengren-farms/,,,https://regenerationcanada.org/en/map/
Nature’s Way Farm,"Grimshaw, AB","Box 1258, Grimshaw, AB, T0H 1W0",780-338-2934,plundgard@telus.net,,https://regenerationcanada.org/en/natures-way-farm/,,,https://regenerationcanada.org/en/map/
Integrated Farms,"Coldwater, Ontario","5091 Line 10 N, Coldwater, Ontario, L0K1E0",7058350551,info@ifarmfresh.ca,info@ifarmfresh.ca,https://regenerationcanada.org/en/integrated-farms/,,,https://regenerationcanada.org/en/map/
Jenovic Farms,"Vankleek Hill, Ontario","3225 Stardale Road West, Vankleek Hill, Ontario, K0B 1R0",306-572-9055,ludsfarms@hotmail.com,,https://regenerationcanada.org/en/jenovic-farms/,,,https://regenerationcanada.org/en/map/
Wholesome Pastures,"Crediton, ON","69709 Parr Line, Crediton, ON, N0M 1M0",519-933-3501,wholesomepastures@gmail.com,wholesomepastures.ca,https://regenerationcanada.org/en/wholesome-pastures/,,,https://regenerationcanada.org/en/map/
Mon Panier Bio,"Saint-Félix-de-Valois, Québec","330 Rang des Forges E, Saint-Félix-de-Valois, Québec J0K 2M0",450-889-8680,info@monpanierbio.com,www.monpanierbio.com,https://regenerationcanada.org/en/mon-panier-bio_/,,,https://regenerationcanada.org/en/map/
Le bison des plaines,"Laurier, MB","Bisons des Plaines, Laurier, MB, R0J1A0",2048352302,cjsaquet@ymail.com,,https://regenerationcanada.org/en/le-bison-des-plaines/,,,https://regenerationcanada.org/en/map/
Highfield Regenerative Farm,"Calgary, Alberta","1920 Highfield Crescent SE, Calgary, Alberta, T2G 5M1",403-605-6669,highfieldregenerativefarm@gmail.com,www.highfieldfarm.ca,https://regenerationcanada.org/en/highfield-regenerative-farm/,,,https://regenerationcanada.org/en/map/
Grazing Days Farm,"St-André-Avellin, Quebec","567 rang Ste Julie Est, St-André-Avellin, Quebec, J0V 1W0",613-898-9136,info@grazingdays.ca,grazingdays.ca,https://regenerationcanada.org/en/grazing-days-farm/,,,https://regenerationcanada.org/en/map/
Vignoble Pigeon Hill,"St-Armand, QC","395 chemin des erables, St-Armand, QC, J0J 1T0",450-248-2531,rousseaushufelt@hotmail.com,vignoblepigeonhill.com,https://regenerationcanada.org/en/vignoble-pigeon-hill/,,,https://regenerationcanada.org/en/map/
Schill Family Farm - Organics,"Balcarres, Saskatchewan","NE 19-21-12 W2, Balcarres, Saskatchewan, S0G 0C0",3063317858,schillfamilyfarm@outlook.com,,https://regenerationcanada.org/en/schill-family-farm-organics/,,,https://regenerationcanada.org/en/map/
Joyfully Organic Farm,"Markham, Ontario","Markham, Ontario",,info@joyfullyorganicfarm.ca,joyfullyorganicfarm.ca,https://regenerationcanada.org/en/joyfully-organic-farm/,,,https://regenerationcanada.org/en/map/
Nerbas Bros. Angus,"Shellmouth, Manitoba","Box 6, Shellmouth, Manitoba, R0J 1Y0",204-773-6800,agnerbas@gmail.com,www.nerbasbrosangus.com,https://regenerationcanada.org/en/nerbas-bros-angus/,,,https://regenerationcanada.org/en/map/
Hodgins Farm,"Lenore, Manitoba","Box 925, Lenore, Manitoba, R0M 1E0",204-838-2285,hodgins_lisa@hotmail.com,https://www.hodginsfarm.com/,https://regenerationcanada.org/en/hodgins-farm/,,,https://regenerationcanada.org/en/map/
W Diamond Ranch,"TELKWA, BC","13380 LAWSON RD, TELKWA, BC, V0J 2X3",250-877-9635,wdranch@bulkley.net,WDiamondranch.ca,https://regenerationcanada.org/en/w-diamond-ranch/,,,https://regenerationcanada.org/en/map/
La Fermette,"Hemmingford, Quebec","146 ch de Covey Hill, Hemmingford, Quebec, J0L1H0",514-799-7188,info@lafermette.ca,lafermette.ca,https://regenerationcanada.org/en/la-fermette/,,,https://regenerationcanada.org/en/map/
Saunders Family Farm & Vineyard,"Lincoln, Ontario","5358 King Street, Lincoln, Ontario L3J 1P2",,saundersfamilyfarm@gmail.com,www.instagram.com/saundersvineyard,https://regenerationcanada.org/en/saunders-family-farm-vineyard/,,,https://regenerationcanada.org/en/map/
Agua Dulce Farm,"Victoria, BC","480 Brookhaven Rd, Victoria, BC, V9E 2A5",+1 2508888788,aguadulcefarm@gmail.com,,https://regenerationcanada.org/en/agua-dulce-farm/,,,https://regenerationcanada.org/en/map/
Divine Colour Acres,"Almonte, ON","1178 Upper Perth Rd, Almonte, ON, K0A 1A0",,divinecolouracres@gmail.com,https://www.divinecolouracres.ca/,https://regenerationcanada.org/en/divine-colour-acres/,,,https://regenerationcanada.org/en/map/
Open Sky Co-operative,"Sackville, NB","12 Folkins Dr, Sackville, NB,E4L 1H9",(506) 536-4565,farmer@openskyco-op.ca,openskyco-op.ca/homepage,https://regenerationcanada.org/en/open-sky-co-operative/,,,https://regenerationcanada.org/en/map/
Merkaba Acres,"Bobcaygeon, Ontario","432 County Rd. 49, Bobcaygeon, Ontario, K0M 1A0",416-726-8866,info@merkabaacres.com,merkabaacres.com,https://regenerationcanada.org/en/merkaba-acres/,,,https://regenerationcanada.org/en/map/
Ferme Rustique,"Sainte-Croix, Québec","4553 4e Rang Ouest, Sainte-Croix, Québec, G0S 2H0",4189300390 ,fermerustique@hotmail.com,fermerustique.com,https://regenerationcanada.org/en/ferme-rustique/,,,https://regenerationcanada.org/en/map/
Les Jardins en Mouvement,"Dunham, Quebec","2766 ch. Noiseux , Dunham, Quebec, J0E 1 M0",4383570977,ljem.info@gmail.com,jardins.dunham.info,https://regenerationcanada.org/en/les-jardins-en-mouvement/,,,https://regenerationcanada.org/en/map/
Ferme la Bourrasque,"saint-nazaire d\'acton, Quebec","312, rang brodeur, saint-nazaire d\'acton, Quebec, J0H 1V0",15143490516,fermelabourrasque@hotmail.com,,https://regenerationcanada.org/en/ferme-la-bourrasque/,,,https://regenerationcanada.org/en/map/
Hickory Hill Forest Farm,"FRANKFORD, ON","162 Flyboy Road, FRANKFORD, ON, K0K 2C0",9059121980,cindyschnaithmann@gmail.com,hickoryhillforestfarm.com,https://regenerationcanada.org/en/hickory-hill-forest-farm/,,,https://regenerationcanada.org/en/map/
Meeting Place Organic Farm,"Lucknow, Ontario","86016 Creek Line, RR 1, Lucknow, Ontario, N0G 2H0",519-528-2493,meetingplaceorganicfarm@gmail.com,www.meetingplaceorganicfarm.ca,https://regenerationcanada.org/en/meeting-place-organic-farm/,,,https://regenerationcanada.org/en/map/
Écoboeuf,"Dupuy, Québec","10e-et-1er Rang E, Dupuy, Quebec, J0Z 1X0",418-806-9171,ecoboeuf@gmail.com,www.ecoboeuf.com,https://regenerationcanada.org/en/ecoboeuf/,,,https://regenerationcanada.org/en/map/
Fleurs de Ferme,"Sainte Christine, Québec","1517 Rang 8, Sainte Christine, Québec, J0H 1H0",450-521-8931,fleursdeferme@gmail.com,www.fleursdeferme.ca,https://regenerationcanada.org/en/fleurs-de-ferme/,,,https://regenerationcanada.org/en/map/
Heidi’s Peak Estate Vineyard Limited,"Okanagan Falls, BC","2140 Sun Valley Way, Okanagan Falls, BC, V0H1R2",5198818372,heidichristine@outlook.com,www.heidisvineyard.com,https://regenerationcanada.org/en/heidis-peak-estate-vineyard-limited/,,,https://regenerationcanada.org/en/map/
Andreas Ventures,"Sheho, Saskatchewan","Box 351, Sheho Saskatchewan, Canada, S0A3T0",306-272-7395,s.andreas@sasktel.net,,https://regenerationcanada.org/en/andreas-ventures/,,,https://regenerationcanada.org/en/map/
Rosy Farms,"Alcomdale, Alberta","57114 Range Road 264, Alcomdale, Alberta, T8R 0Y8",780-951-1015,andrew@rosyfarms.com,www.rosyfarms.com,https://regenerationcanada.org/en/rosy-farms/,,,https://regenerationcanada.org/en/map/
Glen Lake Pasture Farm,"Tarantum, Prince Edward Island","1434 Simpsons Lane-Rt. 255, Tarantum, Prince Edward Island, C1B3H1",9023935119,Travis@glenlakepasture.ca,glenlakepasture.ca,https://regenerationcanada.org/en/glen-lake-pasture-farm/,,,https://regenerationcanada.org/en/map/
Deer Meadow Farmacy,"Oak Lake, Manitoba","139113 Road 51 North, P.O. Box 151, Oak Lake, Manitoba, R0M 1P0",(204) 851-5459,farmfamily@deermeadowfarmacy.com,deermeadowfarmacy.com,https://regenerationcanada.org/en/deer-meadow-farmacy/,,,https://regenerationcanada.org/en/map/
GoodLot Farm + Farmstead Brewing Co.,"Alton, Ontario","18825 Shaws Creek Rd., Alton, Ontario, L7K 1L3",519-927-5881,gail@goodlot.farm,www.goodlot.beer,https://regenerationcanada.org/en/goodlot/,,,https://regenerationcanada.org/en/map/
Ferme Éboulmontaise,"Les Éboulements , Québec","2593 route du fleuve , Les Éboulements , Québec , G0a2m0",4186336767,Commande@fermeeboulmontaise.ca,FermeEboulmontaise.ca,https://regenerationcanada.org/en/ferme-eboulmontaise/,,,https://regenerationcanada.org/en/map/
Ferme Panama et fils SENC,"St-Pierre Baptsite, QC","162 route 165, st-pierre baptsite, QC, G0P1K0",4184283662,sophie.bedard@hotmail.com,facebook.com/FermePanama,https://regenerationcanada.org/en/ferme-panama-et-fils-senc/,,,https://regenerationcanada.org/en/map/
Zinn Farms,"Springstein, Manitoba","Box 26, Springstein, Manitoba, R0G 2N0",204-471-3418,freerange@zinnfarms.com,zinnfarms.com,https://regenerationcanada.org/en/zinn-farms/,,,https://regenerationcanada.org/en/map/
Clanman Jerseys Ltd,"Clanwilliam, Manitoba","Box 132, Clanwilliam, Manitoba, R0J 0K0",204-868-5608,,,https://regenerationcanada.org/en/clanman-jerseys-ltd/,,,https://regenerationcanada.org/en/map/
Benjamin Bridge,"Gaspereau, Nova Scotia","1966 White Rock Road, Gaspereau, Nova Scotia, B4P2R1",1-902-542-1560,wines@benjaminbridge.com,benjaminbridge.com,https://regenerationcanada.org/en/benjamin-bridge/,,,https://regenerationcanada.org/en/map/
Ferme Ridel,"Saint-Césaire, Québec","114 Rang Grande Barbue, Saint-Césaire, Québec, J0L1T0",450-210-0907,jf@ridel.com,www.ridel.com,https://regenerationcanada.org/en/ferme-ridel/,,,https://regenerationcanada.org/en/map/
Safranière des Cantons,"Stanbridge Station, Québec","1304 rang Brais, Stanbridge Station, Québec, J0J 2J0",438-523-9576,frederic.bachand@fermesdc.com,www.safranieredescantons.com,https://regenerationcanada.org/en/safraniere-des-cantons/,,,https://regenerationcanada.org/en/map/
Big Bear Ranch,"HORSEFLY, British Columbia","5647 LINCOLN ROAD, HORSEFLY, British Columbia, V0L 1L0",2506203353,info@bigbearranch.com,bigbearranch.com,https://regenerationcanada.org/en/big-bear-ranch/,,,https://regenerationcanada.org/en/map/
Persephone Garden Market,"Allenford, ON","241063 Conc 3 Keppel, R.R. # 3, Allenford, ON, N0H 1A0",519-935-3005,kristine@persephonedays.ca,https://www.persephonemarketgarden.ca/,https://regenerationcanada.org/en/persephone-market-garden/,,,https://regenerationcanada.org/en/map/
Persephone Brewing Company Farm,"Gibsons, BC","1053 Stewart Road, Gibsons, BC, V0N 1V7",7784623007,brian@thebeerfarm.ca,https://www.persephonebrewing.com/our-farm,https://regenerationcanada.org/en/persephone-brewing-company/,,,https://regenerationcanada.org/en/map/
KPU Farm,"Richmond, British Columbia","Garden City Rd, Richmond, British Columbia, V6X4H9",,kpufarm@kpu.ca,kpu.ca/agriculture/farms,https://regenerationcanada.org/en/kpu-farm/,,,https://regenerationcanada.org/en/map/
Signal ranch,"Fisher branch , Mb","Box 485 , Fisher branch , MB, R0C 0Z0",2043082338,sigurdur50@gmail.com,,https://regenerationcanada.org/en/signal-ranch/,,,https://regenerationcanada.org/en/map/
98 Ranch,"Lake Alma, Saskatchewan","PO Box 59, Lake Alma, Saskatchewan, S0C 1M0",306-447-4600,98ranch.ross@gmail.com,,https://regenerationcanada.org/en/98-ranch-2/,,,https://regenerationcanada.org/en/map/
Vallée Des Prairies,"St-François-de-la-Rivière-du-Sud, Québec","99 chemin Aqueduc, St-François-de-la-Rivière-du-Sud, Québec, G0R 3A0",418-809-7763,bio@valleedesprairies.com,www.valleedesprairies.com,https://regenerationcanada.org/en/vallee-des-prairies/,,,https://regenerationcanada.org/en/map/
Clef des Champs,"Val-David, Québec","2205 Chemin de la Rivière, Val-David, Québec, J0T 2N0",819-322-1561,info@clefdeschamps.net,www.clefdeschamps.net,https://regenerationcanada.org/en/clef-des-champs/,,,https://regenerationcanada.org/en/map/
Hillview,"Cayuga, ON","378 Concession 7 Road, Cayuga, ON, N0A 1E0",5194277778,cory@vgmeats.ca,vgmeats.ca,https://regenerationcanada.org/en/hillview/,,,https://regenerationcanada.org/en/map/
Future Spell Farm Specialty Herbs,"Mono, ON","714538 1st Line EHS, Mono, ON, L9W 5T6",,connect@futurespell.com,futurespellfarm.com,https://regenerationcanada.org/en/future-spell-farm-specialty-herbs/,,,https://regenerationcanada.org/en/map/
Ferme Florale Libella Inc.,"Bury, Quebec","894 QC-214, Bury, Quebec, J0B 1J0, Canada",819-560-1894,charleneaudreychou@gmail.com,fermefloralelibella.com,https://regenerationcanada.org/en/ferme-florale-libella-inc/,,,https://regenerationcanada.org/en/map/
Kirkview Farms,"Dalkeith, Ontario","20921 Laggan Glenelg Rd, Dalkeith, Ontario, K0B 1E0",289-680-8684,info@kirkviewfarms.ca,www.kirkviewfarms.ca,https://regenerationcanada.org/en/kirkview-farms/,,,https://regenerationcanada.org/en/map/
South Glanton Farms,"Forrest, Manitoba","PO Box 61, Forrest, Manitoba, R0K 0W0",2047247019,rboydy@yahoo.ca,www.southglantonfarms.com,https://regenerationcanada.org/en/south-glanton-farms/,,,https://regenerationcanada.org/en/map/
Ferme de l\'odyssee,"Sainte-Monique, Québec","3240 Rang le Petit-Saint-Esprit, Nicolet, Québec, J3T 1T7",819-448-2383,sebastien.angers.regen@gmail.com,www.fermedelodyssee.ca,https://regenerationcanada.org/en/ferme-de-lodyssee/,,,https://regenerationcanada.org/en/map/
Yourco Ltd,"Sturgeon County, AB","54023 Range RD 262, Sturgeon County, AB, T8T 0Z2",7809191525,Ron.Bokenfohr@live.ca,Regenerativegrain.com,https://regenerationcanada.org/en/yourco-ltd/,,,https://regenerationcanada.org/en/map/
Woodleigh Farms Ltd.,"Cavan, ON","528 Sharpe Line, Cavan, ON, L0A 1C0",(705)761-2063,woodleighfarms@gmail.com,cavanfresh.ca,https://regenerationcanada.org/en/woodleigh-farms-ltd/,,,https://regenerationcanada.org/en/map/
Cardale Grain Corp.,"Newdale, MB","BOX 129, NEWDALE, MB, R0J 1J0",204-868-5329,chrisraupers@hotmail.com,https://engrainedflour.ca/,https://regenerationcanada.org/en/cardale-grain-corp/,,,https://regenerationcanada.org/en/map/
Edible Plant Source,"Saanich, BC","390 Brookleigh rd, Saanich, BC, V9E2J2",2505382380,Edibleplantsource@gmail.com,Www.edibleplantsource.com,https://regenerationcanada.org/en/edible-plant-source/,,,https://regenerationcanada.org/en/map/
Sunnie Valley Farms,"Westlock Alberta, Alberta","box5661, Westlock Alberta, Alberta, T7P2P6",780-349-3937,sheehan6@telus.net,sunnievalleyfarms.com,https://regenerationcanada.org/en/sunnie-valley-farms/,,,https://regenerationcanada.org/en/map/
Houle Farm,"Curran, ON, CA","2300 County Rd 2, Curran, Ontario, K0B 1C0, Canada",613-402-3061,fermehoulefarm@gmail.com,,https://regenerationcanada.org/en/houle-farm/,,,https://regenerationcanada.org/en/map/
Hjertaas Farm,"Redvers, Saskatchewan","Redvers, Saskatchewan, S0C 2H0",306-840-7223,hjertaas1@icloud.com,,https://regenerationcanada.org/en/hjertaas-farm/,,,https://regenerationcanada.org/en/map/
Lightfoot & Wolfville Vineyards,"Wolfville, Nova Scotia","11143 Evangeline Trail, Wolfville, Nova Scotia, B4P 2R1",902-542-7774,info@lightfootandwolfville.com,lightfootandwolfville.com,https://regenerationcanada.org/en/lightfoot-wolfville-vineyards/,,,https://regenerationcanada.org/en/map/
Steel Pony Farm,"Red Deer County, AB","27042 Township Road 372, Red Deer County, AB, T4E1N6",403-506-3624,mike@steelpony.ca,www.steelpony.ca,https://regenerationcanada.org/en/steel-pony-farm/,,,https://regenerationcanada.org/en/map/
Ferme Clerjoye,"St-Marc, Qc","441 rang des 60, St-Marc, Qc, J0l 2e0",5142355516,,,https://regenerationcanada.org/en/ferme-clerjoye/,,,https://regenerationcanada.org/en/map/
Aliksir,"Grondines, QC","1040 Chemin du Roy, Grondines, QC, G0A 1W0",(418)268-3406,lucie.mainguy@aliksir.com,aliksir.com,https://regenerationcanada.org/en/aliksir/,,,https://regenerationcanada.org/en/map/
Covert Farms Family Estate,"Oliver, British Columbia","300 Covert Place, Oliver, British Columbia, V0H 1T5",250-498-9463,info@covertfarms.ca,www.covertfarms.ca,https://regenerationcanada.org/en/covert-farms-family-estate_/,,,https://regenerationcanada.org/en/map/
Scout Vineyard,"Cawston, BC","761 highway 3, Cawston, BC, V0X 1C3",250-499-1556,Murray@scoutvineyard.com,Scoutvineyard.com,https://regenerationcanada.org/en/scout-vineyard/,,,https://regenerationcanada.org/en/map/
Ferme Vimo (2010) Inc.,"Hatley, Québec","458 chemin du Ruisseau, Hatley, Québec, J0B4B0",819-560-1325,fermevimo@hotmail.com,,https://regenerationcanada.org/en/ferme-vimo/,,,https://regenerationcanada.org/en/map/
La Station (Ferme Pierre Bolduc enr),"Compton, Québec","440, chemin de Hatley, Compton, QUÉBEC, J0B 1L0",8196744840,,fromagerielastation.com,https://regenerationcanada.org/en/la-station/,,,https://regenerationcanada.org/en/map/
Borderland Agriculture,"Pierson, Manitoba","Box 288, Pierson, Manitoba, R0M 1S0",,whites@borderlandagriculture.com,borderlandagriculture.com,https://regenerationcanada.org/en/borderland-agriculture/,,,https://regenerationcanada.org/en/map/
Crescentwood Farms Ltd.,"Russell, Manitoba","Box 478, Russell, Manitoba, R0J 1W0",+1 431 761 7881,CrescentwoodFarms@posteo.ca,crescentwood.ca,https://regenerationcanada.org/en/crescentwood-farms-ltd/,,,https://regenerationcanada.org/en/map/
Happiness By The Acre,"Didsbury, Alberta","6615 Silver Springs Crescent, Didsbury, Alberta, T0M 0W0",403-796-8293,farming@happinessbytheacre.ca,www.happinessbytheacre.ca,https://regenerationcanada.org/en/happiness-acre/,,,https://regenerationcanada.org/en/map/
Ferme Terra Terre,"Lac Brome, QC","230 ch Papineau, Lac Brome, QC, J0E 1S0",5146776903,catherine@4everfood.com,terraterre.square.site/,https://regenerationcanada.org/en/ferme-terra-terre/,,,https://regenerationcanada.org/en/map/
Cedar Creek Estate Winery,"Kelowna, BC","5445 Lakeshore Rd, Kelowna, BC, V1W4S5",778-738-1020,ksimcic@sebastianfarms.ca,cedarcreek.bc.ca,https://regenerationcanada.org/en/cedar-creek-estate-winery/,,,https://regenerationcanada.org/en/map/
StoneCroft Farm,"Black Creek, British Colombia","2165 Kelland Rd, Black Creek, British Colombia, V9J 1G4",250-334-7159,glenandkathybeaton@live.com,,https://regenerationcanada.org/en/stonecroft-farm/,,,https://regenerationcanada.org/en/map/
re.Planted Farm & Florals,"Deep River, Ontario","36 Wolfe Avenue, Deep River, Ontario, K0J1P0",6399160315,letschat@replantedfarm.ca,replantedfarm.ca,https://regenerationcanada.org/en/replanted-farm-amp-florals/,,,https://regenerationcanada.org/en/map/
Ferme Rejo Holstein,"Wotton, Québec","243 2e rang, Wotton, Québec, J0A 1NO",819-571-5837,rejoholstein@gmail.com,www.facebook.com/profile.php?id=61551898040298,https://regenerationcanada.org/en/ferme-rejo-holstein/,,,https://regenerationcanada.org/en/map/
Local Valley Beef,"Long Settlement, New Brunswick","3532 NB-550, Long Settlement, New Brunswick, E7K 1R3",506-260-0872,,www.localvalleybeef.ca,https://regenerationcanada.org/en/local-valley-beef/,,,https://regenerationcanada.org/en/map/
Earth Temple Gardens,"Argenta, British Colombia","Argenta, British Columbia, V0G 1B0",250-366-4618,earthtemplegardens@gmail.com,www.earthtemplegardens.ca,https://regenerationcanada.org/en/earth-temple-gardens/,,,https://regenerationcanada.org/en/map/
Organics Farm,"Markham, Ontario","7550 19th Ave, Markham, Ontario, L6B 1A8",905-640-5206,info@organicsfarm.ca,www.organicsfarm.ca,https://regenerationcanada.org/en/organics-farm/,,,https://regenerationcanada.org/en/map/
Rose Hill Orchard,"Lake Country, BC","11911 Okanagan Centre Rd E, Lake Country, BC, V4V 1G3",4167702835,,Www.rosehillorchard.com,https://regenerationcanada.org/en/rose-hill-orchard/,,,https://regenerationcanada.org/en/map/
Wildwood Flowr,"Westcock, NB","102A Route 935, Westcock, NB, E4L 2E7",+1 902 698 0454,av@fs-cannabis.com,,https://regenerationcanada.org/en/wildwood-flowr/,,,https://regenerationcanada.org/en/map/
Carter Cattle Company,"Lacadena, Saskatchewan","PO Box 69, Lacadena, Saskatchewan, S0L 1V0",306-574-4908,cartercattle@xplornet.com,,https://regenerationcanada.org/en/carter-cattle/,,,https://regenerationcanada.org/en/map/
Hazy Hollow Acres,"Picture Butte, AB","P.O. Box 946, Picture Butte, AB, T0K1V0",4033080010,teresavdha@gmail.com,hazyhollowacres.weebly.com,https://regenerationcanada.org/en/hazy-hollow-acres/,,,https://regenerationcanada.org/en/map/
Green Beach Farm and Food,"Strathclair , Manitoba","Box 57, Strathclair , Manitoba, R0J 2C0",204-365-6358,greenbeachfarm@gmail.com,greenbeachfarm.com,https://regenerationcanada.org/en/green-beach-farm-and-food/,,,https://regenerationcanada.org/en/map/
Four Goats Farm,"Delta, Ontario","735 Daytown rd, Delta, Ontario, K0E 1G0",647-859-8997,fourgoatsfarm@gmail.com,fourgoatsfarm.com,https://regenerationcanada.org/en/four-goats-farm/,,,https://regenerationcanada.org/en/map/
Moondance Organic Gardens,"Angus, Ontario","8463 5th Line, Angus, Ontario, L0M 1B1",17057198705,mogfarm@gmail.com,moondanceorganics.ca,https://regenerationcanada.org/en/moondance-organic-gardens/,,,https://regenerationcanada.org/en/map/
Capella Meadows,"Brussels , Ontario","44053 Moncrieff Rd., Brussels , Ontario, N0G1H0",,mail@capellameadows.ca,capellameadows.ca,https://regenerationcanada.org/en/capella-meadows/,,,https://regenerationcanada.org/en/map/
Box H Farm,"Gladmar, Saskatchewan","PO Box 1, Gladmar, Saskatchewan, S0C 1A0",306-815-7191,boxhfarm@gmail.com,www.boxhfarm.ca,https://regenerationcanada.org/en/box-h-farm/,,,https://regenerationcanada.org/en/map/
Maple Ridge Farm,"Sydenham, ON","3098 Alton Rd E, Sydenham, ON, K0H 2T0",6135322981,mapleridgefarmer@gmail.com,mapleridge-farm.com,https://regenerationcanada.org/en/maple-ridge-farm/,,,https://regenerationcanada.org/en/map/
Ferme Lionel Angers inc,"Saint-Cesaire, Québec","128 Rang De La Petite Barbue, Saint-Cesaire, Québec, J0L 1T0",4503609797,frangers@msn.com,,https://regenerationcanada.org/en/ferme-lionel-angers-inc/,,,https://regenerationcanada.org/en/map/
Farm One Forty,"Vanscoy, SK","Box 530, Vanscoy, SK, S0L 3J0",306-381-8931,info@farmoneforty.ca,farmoneforty.ca,https://regenerationcanada.org/en/farm-one-forty/,,,https://regenerationcanada.org/en/map/
Upland Organics,"Wood Mountain, SK, CA","Box 113, Wood Mountain, Saskatchewan, S0H 4L0, Canada",306-266-4646,allison@uplandorganics.ca,uplandorganics.ca,https://regenerationcanada.org/en/upland-organics/,,,https://regenerationcanada.org/en/map/
Old 99 Farm,"Dundas, ON","1580 Old Hwy 99, Dundas, ON, L9H 5E3",905 537 0163,old99farm2015@gmail.com,old99farm.ca,https://regenerationcanada.org/en/old-99-farm/,,,https://regenerationcanada.org/en/map/
Coopérative Ferme Terre Partagée,"Rogersville, New Brunswick","1312 Pleasant Ridge, Rogersville, NB, E4Y 1C8",506 251 8246,info@ftpcoop.com,fermeterrepartagee.org,https://regenerationcanada.org/en/cooperative-ferme-terre-partagee/,,,https://regenerationcanada.org/en/map/
Ferme maraîchère le Baluchon s.e.n.c.,"Rigaud, Québec","576, Ch. du Haut-de-la-Chute, Rigaud, Québec, J0P 1P0",450-451-1116,info@fermelebaluchon.com,www.fermelebaluchon.com,https://regenerationcanada.org/en/ferme-le-baluchon/,,,https://regenerationcanada.org/en/map/
Diddley Squash Farm,"Salisbury West, NB, Canada","291 Scott Road, Salisbury West, NB, E4J 3K4, Canada",506-872-4984,selinkle@aol.com,certified.naturallygrown.org/producers/5639,https://regenerationcanada.org/en/diddley-squash-farm/,,,https://regenerationcanada.org/en/map/
Backwoods Buffalo Ranch,"Mayerthorpe, Alberta","Box 336, Mayerthorpe, Alberta, T0E 1N0",780-305-8449,backwoodsbuffaloranch@gmail.com,www.backwoodsbuffalo.com,https://regenerationcanada.org/en/backwoods-buffalo-ranch/,,,https://regenerationcanada.org/en/map/
Oneka,"Frelighsburg, Québec","23 rue Principale, Frelighsburg, Québec, J0J 1C0",450-298-5352,contact@onekaelements.com,www.onekaelements.com,https://regenerationcanada.org/en/oneka/,,,https://regenerationcanada.org/en/map/
La Balzane_Sol Vivant à l\'Oeuvre,"Saint-Simon-de-Bagot, Québec","217 4e Rang Ouest, Saint-Simon-de-Bagot, Québec, J0H 1Y0",5148333528,domainelabalzane@gmail.com,labalzane.ca,https://regenerationcanada.org/en/la-balzanesol-vivant-a-loeuvre/,,,https://regenerationcanada.org/en/map/
The Knotted Willow Farm and Nursery,"Muirkirk, Ontario","14559 Talbot Line, Muirkirk, Ontario, N0L1X0",519-702-7304,aguyitt@gmail.com,theknottedwillowfarm.ca,https://regenerationcanada.org/en/knotted-willow-farm/,,,https://regenerationcanada.org/en/map/
Sharon Creek Farm,"East Gwillimbury, Ontario","18805 Second Concession, East Gwillimbury, Ontario, L9N 0G6",905-758-7856,info@sharoncreekfarm.ca,www.sharoncreekfarm.ca,https://regenerationcanada.org/en/sharon-creek-farm/,,,https://regenerationcanada.org/en/map/
Au Petit Boisé,"Dunham, Quebec","986 hudon, Dunham, Quebec, J0E 1M0",450-295-2471,aupetitboise@gmail.com,aupetitboise.com,https://regenerationcanada.org/en/au-petit-boise/,,,https://regenerationcanada.org/en/map/
Ferme Rêveuse,"Curran, Ontario","560 Plantagenet Concession 8, Curran, Ontario, K0B 1C0",613-799-7990,schneider@ferme-reveuse.ca,ferme-reveuse.ca,https://regenerationcanada.org/en/ferme-reveuse/,,,https://regenerationcanada.org/en/map/
Pure Pasture Products,"Rose Prairie, British Columbia","5072 Doig Rd Rose Prairie, British Columbia, V0C 2H0",780-864-8093,purepastureproducts@gmail.com,www.purepastureproducts.com,https://regenerationcanada.org/en/pure-pasture-products/,,,https://regenerationcanada.org/en/map/
Bla-Kar Farms,"Merlin, Ontario","22925 Merlin Road, Merlin, Ontario, N0P 1W0",519-359-0924,e.blakevince@gmail.com,,https://regenerationcanada.org/en/bla-kar-farms/,,,https://regenerationcanada.org/en/map/
Horizon Hog Farm,"Martintown, Ontario","19047 Beaverbrook Rd, Martintown, Ontario, K0C 1S0",343-370-2598,horizonhogfarm@gmail.com,www.horizonhogfarm.com,https://regenerationcanada.org/en/horizon-hog-farm/,,,https://regenerationcanada.org/en/map/
Patch Farm,"Brome, Québec","328 Stagecoach, Brome, Québec, J0E1K0",450-775-8698,fermepatchfarm@gmail.com,facebook.com/fermepatchfarm,https://regenerationcanada.org/en/patch-farm_/,,,https://regenerationcanada.org/en/map/
Blue Sky Beef,"Arthur, Ontario","8648 Highway 6, Arthur, Ontario, N0G 1A0", 519-831-2445,jwecraig@gmail.com,,https://regenerationcanada.org/en/blue-sky-beef/,,,https://regenerationcanada.org/en/map/
Ferme Guayclair,"Brownsburg-Chatham, Québec","235 Montée la Branche, Brownsburg-Chatham, Québec, J8G 2E5",514-705-9902,guayclair@live.ca,www.fermeguayclair.com,https://regenerationcanada.org/en/ferme-guayclair/,,,https://regenerationcanada.org/en/map/
Richards Family Farm and Livestock Ltd.,"Bangor, SK","Box 84, Bangor, SK, S0A 0Eo",3067285864,glrichards@sasktel.net,wholefarmmarket.com,https://regenerationcanada.org/en/richards-family-farm-and-livestock-ltd/,,,https://regenerationcanada.org/en/map/
La VAM Box,"St-Sebastien, Québec","1432, Rang Des Dussault, St-Sebastien, Québec, J0J2C0",514-617-6207,audrey@bogemans.ca,,https://regenerationcanada.org/en/la-vam-box/,,,https://regenerationcanada.org/en/map/
Arch Lea Farm,"Cumberland, ON","3846 Wilhaven Drive, Cumberland, ON, K4C 1J8",,archleafarm@gmail.com,https://www.archleafarm.com/,https://regenerationcanada.org/en/arch-lea-farm/,,,https://regenerationcanada.org/en/map/
C. Fensky Farms,"Thorsby, AB","RR1 South, Thorsby, AB, T0C2P0",,,,https://regenerationcanada.org/en/c-fensky-farms/,,,https://regenerationcanada.org/en/map/
Whole Village Property Co-operative,"Caledon, Ontario","20725 Shaws Creek Rd, Caledon, Ontario, L7K 1L7",519-942-4010,info@wholevillage.org,www.wholevillage.org,https://regenerationcanada.org/en/whole-village-property-cooperative/,,,https://regenerationcanada.org/en/map/
Coen Farm,"Ferintosh, AB","Box 165, Ferintosh, AB, T0B 1M0",,,www.coenfarm.ca,https://regenerationcanada.org/en/coen-farm/,,,https://regenerationcanada.org/en/map/
Sperling Vineyards,"Kelowna, British Columbia","1405 Pioneer Road, Kelowna, British Columbia, V1W 4M6",778-478-0260,info@sperlingvineyards.com,www.sperlingvineyards.com,https://regenerationcanada.org/en/sperling-vineyards/,,,https://regenerationcanada.org/en/map/
